Product_ID,Product_Position,Price,Competitors_Price,Promotion,Foot_Traffic,Consumer_Demographics,Product_Category,Seasonal,Sales_Volume,Price_Difference,Price_Ratio,Price_Range,Sales_Performance
185102,Aisle,17.07,16.16,No,Medium,Families,Clothing,No,2823,0.91,1.0563,Medium,High
188771,Aisle,17.41,13.13,No,Low,Seniors,Clothing,No,654,4.28,1.326,Medium,Low
180176,End-cap,43.16,38.37,Yes,Medium,Young adults,Electronics,Yes,2220,4.79,1.1248,High,High
112917,Aisle,42.26,38.98,Yes,Low,Families,Clothing,Yes,1568,3.28,1.0841,High,Medium
192936,End-cap,47.94,45.59,No,Medium,College students,Clothing,Yes,2942,2.35,1.0515,High,High
117590,End-cap,34.5,34.34,No,Medium,Seniors,Clothing,No,2968,0.16,1.0047,High,High
189118,Front of Store,41.11,40.15,Yes,High,College students,Clothing,Yes,952,0.96,1.0239,High,Low
182157,Aisle,15.75,12.3,No,Low,College students,Clothing,No,2421,3.45,1.2805,Medium,High
141861,Aisle,30.07,26.75,Yes,High,Families,Electronics,Yes,1916,3.32,1.1241,High,Medium
137121,Aisle,38.0,33.38,No,High,Families,Electronics,Yes,656,4.62,1.1384,High,Low
113143,Aisle,27.42,22.82,Yes,High,College students,Food,Yes,2663,4.6,1.2016,Medium,High
140028,Aisle,12.15,9.39,Yes,High,College students,Food,Yes,1260,2.76,1.2939,Low,Medium
134693,Aisle,31.45,28.93,Yes,Low,College students,Food,No,2124,2.52,1.0871,High,High
151396,Front of Store,19.81,17.04,Yes,Medium,Families,Food,Yes,729,2.77,1.1626,Medium,Low
132889,Aisle,15.74,12.8,Yes,Low,Families,Food,Yes,2265,2.94,1.2297,Medium,High
152174,End-cap,13.16,12.94,No,Medium,Young adults,Clothing,No,2226,0.22,1.017,Low,High
129906,Aisle,14.58,14.49,No,Medium,Young adults,Food,No,2089,0.09,1.0062,Low,High
195879,Front of Store,21.03,18.54,Yes,Medium,Young adults,Food,Yes,2339,2.49,1.1343,Medium,High
155050,Aisle,19.92,14.93,No,High,College students,Clothing,Yes,2321,4.99,1.3342,Medium,High
194410,End-cap,36.2,32.49,No,Low,Young adults,Electronics,No,669,3.71,1.1142,High,Low
141904,End-cap,27.36,23.03,Yes,Medium,College students,Food,Yes,1712,4.33,1.188,Medium,Medium
124981,Front of Store,42.74,40.29,No,Low,Families,Clothing,Yes,1832,2.45,1.0608,High,Medium
161909,Aisle,22.16,20.85,Yes,Medium,Young adults,Electronics,No,1290,1.31,1.0628,Medium,Medium
129152,End-cap,48.51,47.56,No,Low,Seniors,Electronics,No,2356,0.95,1.02,High,High
183243,Front of Store,39.32,37.12,Yes,Low,Families,Food,No,1524,2.2,1.0593,High,Medium
198248,Front of Store,27.81,23.4,Yes,High,Seniors,Clothing,No,1644,4.41,1.1885,Medium,Medium
191230,End-cap,49.95,45.65,No,High,Young adults,Clothing,No,966,4.3,1.0942,High,Low
187234,Front of Store,39.27,35.55,Yes,Low,College students,Clothing,Yes,2575,3.72,1.1046,High,High
148888,Front of Store,16.92,14.44,No,Low,Families,Clothing,No,2774,2.48,1.1717,Medium,High
110805,Front of Store,35.91,34.74,Yes,Medium,Young adults,Food,No,2477,1.17,1.0337,High,High
179801,Front of Store,46.81,43.04,No,Low,College students,Electronics,Yes,2608,3.77,1.0876,High,High
134927,Aisle,6.1,5.37,Yes,High,Families,Electronics,Yes,2252,0.73,1.1359,Low,High
123150,End-cap,37.03,34.9,Yes,Medium,Seniors,Electronics,No,2074,2.13,1.061,High,High
159145,End-cap,19.01,18.27,Yes,High,Seniors,Electronics,No,2579,0.74,1.0405,Medium,High
172364,Aisle,12.3,10.3,Yes,High,College students,Clothing,No,2931,2.0,1.1942,Low,High
178281,End-cap,11.64,7.89,No,Low,College students,Electronics,Yes,1145,3.75,1.4753,Low,Medium
194339,End-cap,18.2,16.18,No,Low,Seniors,Clothing,No,1792,2.02,1.1248,Medium,Medium
174412,Aisle,23.93,19.71,No,Low,Young adults,Electronics,Yes,1796,4.22,1.2141,Medium,Medium
114877,Aisle,21.76,21.09,No,Medium,College students,Clothing,No,1860,0.67,1.0318,Medium,Medium
140727,End-cap,15.89,12.07,Yes,High,Families,Clothing,Yes,1002,3.82,1.3165,Medium,Medium
133109,Front of Store,36.13,31.33,No,High,Families,Clothing,Yes,2063,4.8,1.1532,High,High
127296,Aisle,34.02,32.31,No,Low,Families,Food,No,1165,1.71,1.0529,High,Medium
133757,Aisle,7.38,3.97,Yes,High,Families,Electronics,No,2071,3.41,1.8589,Low,High
111760,End-cap,19.3,17.41,No,Low,College students,Clothing,No,1474,1.89,1.1086,Medium,Medium
198375,End-cap,7.1,6.84,No,Low,Seniors,Clothing,No,2202,0.26,1.038,Low,High
168837,Aisle,43.43,38.54,No,Low,Families,Electronics,No,665,4.89,1.1269,High,Low
138505,Front of Store,46.72,42.48,No,Low,Seniors,Food,No,2478,4.24,1.0998,High,High
116228,End-cap,36.32,32.95,Yes,Medium,Families,Clothing,No,647,3.37,1.1023,High,Low
167592,Front of Store,17.76,16.84,Yes,Medium,Seniors,Food,No,707,0.92,1.0546,Medium,Low
133100,End-cap,47.78,43.18,Yes,Medium,Families,Clothing,No,2729,4.6,1.1065,High,High
119955,Front of Store,34.12,32.94,No,High,Young adults,Electronics,No,1590,1.18,1.0358,High,Medium
189349,End-cap,45.91,42.91,Yes,Medium,Seniors,Electronics,No,1245,3.0,1.0699,High,Medium
127478,Front of Store,29.3,26.06,No,Low,Young adults,Clothing,Yes,2498,3.24,1.1243,Medium,High
180661,Front of Store,39.96,36.05,No,High,Young adults,Food,Yes,1041,3.91,1.1085,High,Medium
186681,End-cap,39.46,35.1,No,Low,Young adults,Food,Yes,1717,4.36,1.1242,High,Medium
133183,Front of Store,45.07,44.26,Yes,Low,Families,Electronics,Yes,2859,0.81,1.0183,High,High
173508,Aisle,13.67,13.18,Yes,High,Families,Food,No,1658,0.49,1.0372,Low,Medium
187930,End-cap,19.95,19.19,No,Medium,College students,Electronics,Yes,706,0.76,1.0396,Medium,Low
124088,End-cap,48.71,46.44,Yes,High,Young adults,Electronics,Yes,2065,2.27,1.0489,High,High
190238,Front of Store,34.67,32.6,No,High,Seniors,Clothing,Yes,1917,2.07,1.0635,High,Medium
151925,End-cap,47.63,42.99,Yes,Medium,Seniors,Food,Yes,2179,4.64,1.1079,High,High
163234,Front of Store,12.03,7.97,No,Medium,Young adults,Clothing,No,1633,4.06,1.5094,Low,Medium
135610,Aisle,36.04,35.59,Yes,High,College students,Electronics,Yes,1513,0.45,1.0126,High,Medium
117065,Aisle,47.39,47.31,Yes,High,Seniors,Electronics,Yes,758,0.08,1.0017,High,Low
149315,End-cap,24.71,24.08,Yes,Low,Families,Electronics,No,718,0.63,1.0262,Medium,Low
149510,Aisle,36.18,34.02,No,High,Young adults,Clothing,Yes,1412,2.16,1.0635,High,Medium
137990,Aisle,12.01,10.23,No,High,Seniors,Clothing,No,2929,1.78,1.174,Low,High
154016,End-cap,46.04,42.05,Yes,High,Seniors,Food,Yes,2366,3.99,1.0949,High,High
117751,Aisle,10.0,5.63,No,Medium,Seniors,Electronics,No,2749,4.37,1.7762,Low,High
182362,Front of Store,14.1,13.51,No,Low,Families,Electronics,No,2019,0.59,1.0437,Low,High
117725,Aisle,40.15,35.86,No,Low,Seniors,Food,Yes,1506,4.29,1.1196,High,Medium
145289,End-cap,30.65,30.08,No,High,Families,Clothing,No,1012,0.57,1.0189,High,Medium
173576,End-cap,46.74,46.32,Yes,Medium,College students,Electronics,No,1838,0.42,1.0091,High,Medium
175059,Aisle,19.16,18.62,Yes,High,Seniors,Food,No,2170,0.54,1.029,Medium,High
199368,Front of Store,31.93,27.22,No,Low,Families,Clothing,Yes,1061,4.71,1.173,High,Medium
162883,Front of Store,18.3,14.19,Yes,Low,Seniors,Food,No,786,4.11,1.2896,Medium,Low
135490,Front of Store,18.72,17.29,No,Medium,Families,Clothing,No,1094,1.43,1.0827,Medium,Medium
125408,End-cap,21.79,18.92,Yes,High,College students,Clothing,Yes,2220,2.87,1.1517,Medium,High
134763,Front of Store,18.75,17.42,No,Low,College students,Clothing,Yes,2048,1.33,1.0763,Medium,High
143231,Aisle,44.2,42.72,No,Low,Families,Food,No,2578,1.48,1.0346,High,High
125409,End-cap,42.55,40.35,Yes,High,College students,Clothing,No,2040,2.2,1.0545,High,High
183074,Aisle,34.15,30.46,No,Low,College students,Clothing,No,2791,3.69,1.1211,High,High
147947,Aisle,19.24,15.64,Yes,High,Young adults,Clothing,Yes,1249,3.6,1.2302,Medium,Medium
174171,Front of Store,8.01,5.34,Yes,Medium,Seniors,Food,Yes,2273,2.67,1.5,Low,High
183064,Front of Store,19.25,17.13,Yes,Low,Young adults,Electronics,No,1773,2.12,1.1238,Medium,Medium
177131,Aisle,47.16,43.78,Yes,High,Families,Food,Yes,1733,3.38,1.0772,High,Medium
128179,End-cap,38.75,35.22,Yes,High,Seniors,Electronics,No,2060,3.53,1.1002,High,High
152723,Aisle,44.16,42.34,No,High,Seniors,Food,Yes,2849,1.82,1.043,High,High
123824,Aisle,32.35,28.97,Yes,Low,Families,Electronics,No,2277,3.38,1.1167,High,High
166345,Aisle,40.77,39.73,No,Low,Seniors,Electronics,Yes,1135,1.04,1.0262,High,Medium
199279,Aisle,18.36,15.23,No,Low,Seniors,Electronics,No,1770,3.13,1.2055,Medium,Medium
167981,End-cap,37.4,37.29,No,High,College students,Clothing,No,730,0.11,1.0029,High,Low
146839,Aisle,10.04,7.54,No,Medium,College students,Food,No,1525,2.5,1.3316,Low,Medium
187180,Front of Store,47.5,46.74,No,High,Families,Electronics,Yes,647,0.76,1.0163,High,Low
167640,End-cap,46.56,43.71,Yes,High,Families,Electronics,Yes,1017,2.85,1.0652,High,Medium
165158,Front of Store,40.44,37.89,No,Low,College students,Food,No,1622,2.55,1.0673,High,Medium
111521,Front of Store,31.98,27.82,Yes,High,Seniors,Food,Yes,2553,4.16,1.1495,High,High
120228,End-cap,15.92,13.41,No,High,Seniors,Food,No,2347,2.51,1.1872,Medium,High
133078,Aisle,48.34,45.21,No,Low,Families,Clothing,Yes,2535,3.13,1.0692,High,High
137598,Aisle,38.21,37.69,No,Medium,Families,Electronics,Yes,2839,0.52,1.0138,High,High
138779,Front of Store,44.97,42.24,Yes,Low,Families,Clothing,Yes,2801,2.73,1.0646,High,High
198329,Front of Store,19.55,15.77,Yes,Low,Young adults,Electronics,Yes,628,3.78,1.2397,Medium,Low
110295,End-cap,13.1,8.47,Yes,Low,Young adults,Electronics,No,1448,4.63,1.5466,Low,Medium
196427,Aisle,36.73,31.98,Yes,Low,Families,Electronics,No,1401,4.75,1.1485,High,Medium
110075,Front of Store,42.96,41.45,Yes,Medium,College students,Electronics,Yes,2185,1.51,1.0364,High,High
132322,Front of Store,37.74,34.99,Yes,Low,Families,Clothing,No,2135,2.75,1.0786,High,High
199631,Front of Store,14.8,14.51,Yes,Medium,Families,Electronics,No,1269,0.29,1.02,Low,Medium
182306,Front of Store,5.93,5.84,No,Medium,Seniors,Food,No,2805,0.09,1.0154,Low,High
194915,Aisle,23.91,21.1,Yes,Low,Seniors,Food,No,1796,2.81,1.1332,Medium,Medium
131298,End-cap,41.46,37.69,Yes,Medium,College students,Electronics,No,2133,3.77,1.1,High,High
168571,Aisle,10.78,6.39,No,High,Seniors,Electronics,No,1778,4.39,1.687,Low,Medium
154224,End-cap,22.69,21.79,Yes,Medium,Families,Food,No,2474,0.9,1.0413,Medium,High
171061,Aisle,23.25,22.71,No,Low,College students,Electronics,Yes,2032,0.54,1.0238,Medium,High
119049,Aisle,16.24,11.33,No,Low,Seniors,Clothing,Yes,1659,4.91,1.4334,Medium,Medium
158781,End-cap,19.91,16.77,Yes,Medium,Young adults,Clothing,Yes,2443,3.14,1.1872,Medium,High
151438,Aisle,5.41,2.73,No,Medium,Seniors,Food,Yes,1137,2.68,1.9817,Low,Medium
152871,End-cap,13.39,12.76,No,High,Families,Clothing,Yes,1847,0.63,1.0494,Low,Medium
126806,End-cap,40.27,37.16,Yes,High,Young adults,Clothing,Yes,2404,3.11,1.0837,High,High
134104,End-cap,23.84,21.61,No,Medium,College students,Electronics,Yes,1466,2.23,1.1032,Medium,Medium
120266,Front of Store,20.04,16.05,No,High,Families,Electronics,No,2328,3.99,1.2486,Medium,High
173550,End-cap,33.0,29.46,No,Medium,Families,Electronics,Yes,1431,3.54,1.1202,High,Medium
175927,End-cap,22.25,21.68,No,Medium,Young adults,Clothing,Yes,1506,0.57,1.0263,Medium,Medium
154278,End-cap,17.07,16.29,No,Medium,Seniors,Clothing,Yes,2749,0.78,1.0479,Medium,High
183537,Front of Store,40.64,36.61,Yes,Low,College students,Electronics,Yes,2434,4.03,1.1101,High,High
150424,Front of Store,25.47,25.19,No,Medium,Young adults,Food,Yes,2067,0.28,1.0111,Medium,High
183825,Aisle,42.7,40.51,Yes,Low,Families,Clothing,Yes,2989,2.19,1.0541,High,High
144012,Front of Store,33.28,31.57,Yes,Low,Families,Electronics,No,743,1.71,1.0542,High,Low
147051,Front of Store,31.59,28.91,No,Low,Young adults,Electronics,No,2325,2.68,1.0927,High,High
185800,End-cap,24.2,21.33,No,Medium,College students,Electronics,Yes,1841,2.87,1.1346,Medium,Medium
197524,Aisle,31.52,28.79,Yes,Low,Seniors,Clothing,Yes,2231,2.73,1.0948,High,High
148823,Aisle,12.31,8.65,No,Low,Seniors,Clothing,Yes,2211,3.66,1.4231,Low,High
114550,End-cap,28.13,25.72,No,Low,Young adults,Clothing,No,2114,2.41,1.0937,Medium,High
125398,Aisle,48.12,43.56,Yes,High,College students,Electronics,Yes,1350,4.56,1.1047,High,Medium
123985,End-cap,9.52,6.43,No,High,Seniors,Electronics,No,2240,3.09,1.4806,Low,High
186638,End-cap,18.78,17.11,Yes,High,College students,Electronics,No,1296,1.67,1.0976,Medium,Medium
167281,End-cap,19.49,16.8,Yes,High,Families,Electronics,Yes,892,2.69,1.1601,Medium,Low
118578,End-cap,9.07,6.59,No,High,Seniors,Clothing,Yes,1678,2.48,1.3763,Low,Medium
174041,End-cap,5.06,4.51,No,Medium,Seniors,Electronics,No,2016,0.55,1.122,Low,High
127644,Front of Store,36.48,36.14,No,Low,Young adults,Clothing,Yes,1498,0.34,1.0094,High,Medium
132007,Aisle,38.63,35.08,No,Low,Families,Clothing,Yes,2491,3.55,1.1012,High,High
147998,Aisle,36.43,34.91,No,Low,Young adults,Clothing,No,2556,1.52,1.0435,High,High
176666,Aisle,43.93,41.71,Yes,Low,Families,Food,No,2852,2.22,1.0532,High,High
193686,Aisle,25.07,21.6,Yes,Medium,College students,Food,No,1899,3.47,1.1606,Medium,Medium
163610,Front of Store,39.37,36.12,Yes,High,Families,Food,No,2466,3.25,1.09,High,High
170364,Aisle,7.88,6.55,No,Medium,College students,Food,No,818,1.33,1.2031,Low,Low
167599,Aisle,13.94,11.06,No,Medium,Young adults,Clothing,No,1500,2.88,1.2604,Low,Medium
166421,End-cap,44.85,39.96,Yes,High,Young adults,Clothing,No,2878,4.89,1.1224,High,High
129247,Front of Store,47.79,45.05,Yes,Low,College students,Electronics,No,2386,2.74,1.0608,High,High
127314,End-cap,13.34,11.51,Yes,Medium,Families,Food,Yes,2076,1.83,1.159,Low,High
111979,Front of Store,21.28,19.52,No,Medium,Families,Food,No,2734,1.76,1.0902,Medium,High
120354,Aisle,37.15,35.98,Yes,High,Seniors,Food,No,2836,1.17,1.0325,High,High
144848,Front of Store,18.58,16.19,No,Medium,College students,Clothing,No,2193,2.39,1.1476,Medium,High
111957,Aisle,37.86,33.73,Yes,High,Seniors,Food,No,2164,4.13,1.1224,High,High
160763,Front of Store,20.34,17.62,Yes,High,College students,Electronics,Yes,991,2.72,1.1544,Medium,Low
168270,End-cap,37.62,37.33,Yes,Medium,Young adults,Clothing,Yes,1525,0.29,1.0078,High,Medium
195082,Front of Store,16.74,14.22,No,Low,Families,Electronics,No,923,2.52,1.1772,Medium,Low
110329,Front of Store,44.11,43.31,No,Low,College students,Clothing,Yes,2397,0.8,1.0185,High,High
147449,End-cap,12.89,10.18,No,Low,Families,Electronics,No,1191,2.71,1.2662,Low,Medium
193332,Aisle,37.73,36.7,Yes,Low,College students,Electronics,No,1237,1.03,1.0281,High,Medium
146804,Aisle,14.38,11.45,Yes,Medium,Families,Food,No,1504,2.93,1.2559,Low,Medium
188909,Aisle,16.99,16.98,Yes,Medium,Seniors,Food,Yes,2863,0.01,1.0006,Medium,High
165910,End-cap,39.26,37.8,Yes,High,College students,Clothing,No,2760,1.46,1.0386,High,High
136738,Front of Store,36.52,31.9,No,Low,Seniors,Electronics,Yes,542,4.62,1.1448,High,Low
144497,End-cap,31.39,28.18,Yes,Low,Young adults,Food,Yes,1105,3.21,1.1139,High,Medium
135036,End-cap,46.1,42.07,Yes,Low,College students,Clothing,No,1435,4.03,1.0958,High,Medium
166331,Aisle,19.28,17.22,Yes,Low,Families,Electronics,Yes,2877,2.06,1.1196,Medium,High
139789,Aisle,6.22,3.38,No,High,Families,Food,Yes,1094,2.84,1.8402,Low,Medium
118569,Aisle,40.06,39.41,No,Medium,Young adults,Clothing,Yes,994,0.65,1.0165,High,Low
155848,End-cap,46.91,46.85,Yes,Medium,Seniors,Electronics,No,1942,0.06,1.0013,High,Medium
152563,Front of Store,42.42,40.6,No,Low,College students,Electronics,Yes,2572,1.82,1.0448,High,High
115153,Aisle,30.55,26.84,No,Medium,Families,Electronics,No,1736,3.71,1.1382,High,Medium
125938,Aisle,39.07,37.81,Yes,High,Young adults,Clothing,Yes,1204,1.26,1.0333,High,Medium
122809,End-cap,47.47,43.47,No,High,Young adults,Clothing,Yes,1592,4.0,1.092,High,Medium
181502,Front of Store,10.83,8.48,Yes,High,Young adults,Electronics,No,2591,2.35,1.2771,Low,High
182779,End-cap,7.27,4.93,Yes,Low,Young adults,Food,Yes,2097,2.34,1.4746,Low,High
155674,Front of Store,16.91,14.52,No,Low,Families,Clothing,No,897,2.39,1.1646,Medium,Low
182866,Aisle,41.95,40.42,No,High,Seniors,Clothing,Yes,1552,1.53,1.0379,High,Medium
148230,Front of Store,49.98,45.42,Yes,Medium,Young adults,Clothing,No,2494,4.56,1.1004,High,High
126979,Front of Store,30.53,30.01,No,High,Seniors,Clothing,No,2141,0.52,1.0173,High,High
135521,End-cap,5.38,1.63,No,Medium,Young adults,Electronics,Yes,2835,3.75,3.3006,Low,High
185809,End-cap,47.3,46.34,No,High,Families,Electronics,No,622,0.96,1.0207,High,Low
171520,End-cap,30.02,28.02,Yes,Low,Families,Electronics,Yes,2901,2.0,1.0714,High,High
122926,End-cap,31.05,27.1,No,Low,Young adults,Food,No,867,3.95,1.1458,High,Low
150953,Front of Store,48.14,47.6,Yes,Low,Young adults,Food,Yes,2434,0.54,1.0113,High,High
115873,End-cap,43.99,39.08,Yes,High,Seniors,Electronics,Yes,2606,4.91,1.1256,High,High
115581,Aisle,48.63,46.11,No,Medium,College students,Clothing,Yes,2728,2.52,1.0547,High,High
183634,Front of Store,25.95,21.98,Yes,Medium,Seniors,Clothing,Yes,2778,3.97,1.1806,Medium,High
122484,Aisle,21.73,16.98,Yes,High,College students,Food,Yes,558,4.75,1.2797,Medium,Low
183574,Aisle,19.0,14.94,Yes,High,College students,Electronics,Yes,1752,4.06,1.2718,Medium,Medium
185307,Front of Store,41.4,39.95,No,High,Families,Clothing,Yes,2743,1.45,1.0363,High,High
118719,End-cap,31.62,27.6,No,Medium,College students,Food,Yes,1669,4.02,1.1457,High,Medium
134788,Front of Store,36.11,34.17,No,High,College students,Food,No,2179,1.94,1.0568,High,High
140142,Front of Store,14.5,13.62,Yes,Medium,Young adults,Food,No,606,0.88,1.0646,Low,Low
153997,End-cap,15.27,14.61,No,High,College students,Electronics,Yes,1608,0.66,1.0452,Medium,Medium
123230,Aisle,16.59,13.03,No,Medium,Young adults,Clothing,Yes,880,3.56,1.2732,Medium,Low
154676,Aisle,26.04,23.26,No,Low,College students,Electronics,No,943,2.78,1.1195,Medium,Low
152985,Aisle,6.25,2.86,Yes,Medium,Seniors,Clothing,Yes,1049,3.39,2.1853,Low,Medium
175584,Front of Store,10.57,8.54,No,Low,Young adults,Clothing,No,2084,2.03,1.2377,Low,High
147491,End-cap,20.09,19.82,No,Medium,College students,Clothing,No,1563,0.27,1.0136,Medium,Medium
198283,End-cap,25.15,20.84,Yes,Medium,Seniors,Food,Yes,1558,4.31,1.2068,Medium,Medium
141547,End-cap,23.27,19.05,No,High,Families,Food,No,1426,4.22,1.2215,Medium,Medium
156342,Front of Store,38.94,37.62,Yes,High,Seniors,Food,Yes,1466,1.32,1.0351,High,Medium
186083,End-cap,28.87,28.36,No,Low,Seniors,Food,Yes,624,0.51,1.018,Medium,Low
171776,Aisle,34.06,31.39,Yes,Medium,College students,Food,No,1685,2.67,1.0851,High,Medium
134429,Aisle,40.01,37.93,No,High,Seniors,Food,No,2914,2.08,1.0548,High,High
172816,Aisle,14.36,12.26,No,Medium,Seniors,Food,Yes,1524,2.1,1.1713,Low,Medium
136272,End-cap,28.47,25.9,No,Low,Young adults,Clothing,Yes,2887,2.57,1.0992,Medium,High
193227,End-cap,40.47,39.26,Yes,Low,Seniors,Electronics,Yes,1778,1.21,1.0308,High,Medium
165786,End-cap,18.03,13.4,No,High,Families,Electronics,Yes,1278,4.63,1.3455,Medium,Medium
174708,Front of Store,21.75,17.58,No,High,College students,Food,Yes,529,4.17,1.2372,Medium,Low
142257,Aisle,21.7,18.91,Yes,Medium,Seniors,Clothing,Yes,1180,2.79,1.1475,Medium,Medium
126146,Aisle,34.72,32.73,No,High,Seniors,Electronics,No,2759,1.99,1.0608,High,High
129134,Aisle,23.29,22.91,No,Medium,College students,Food,Yes,1831,0.38,1.0166,Medium,Medium
129898,End-cap,10.33,6.98,No,Low,Seniors,Electronics,No,1866,3.35,1.4799,Low,Medium
189692,End-cap,14.58,12.26,Yes,Low,College students,Food,No,1553,2.32,1.1892,Low,Medium
154846,End-cap,35.78,35.35,Yes,Low,Families,Electronics,No,917,0.43,1.0122,High,Low
122307,End-cap,32.92,31.62,No,Low,Seniors,Clothing,No,702,1.3,1.0411,High,Low
182099,Aisle,35.29,31.65,Yes,Low,Families,Food,No,1978,3.64,1.115,High,Medium
159816,Front of Store,34.76,31.95,No,Medium,College students,Electronics,Yes,1961,2.81,1.0879,High,Medium
165326,Aisle,8.86,3.91,No,Medium,Young adults,Clothing,No,1188,4.95,2.266,Low,Medium
185154,Aisle,24.95,20.84,Yes,High,Young adults,Food,No,996,4.11,1.1972,Medium,Low
141330,Aisle,46.1,45.49,No,High,Seniors,Clothing,Yes,1915,0.61,1.0134,High,Medium
158958,End-cap,5.62,2.52,No,High,Young adults,Clothing,No,903,3.1,2.2302,Low,Low
155010,Aisle,45.12,42.21,Yes,Medium,Families,Electronics,Yes,729,2.91,1.0689,High,Low
135857,Aisle,36.02,34.82,No,Medium,Young adults,Electronics,Yes,2045,1.2,1.0345,High,High
147690,Aisle,20.14,16.6,Yes,High,Families,Food,No,881,3.54,1.2133,Medium,Low
130321,End-cap,24.71,23.07,Yes,Low,College students,Clothing,No,2093,1.64,1.0711,Medium,High
196752,End-cap,17.3,15.83,No,Medium,College students,Clothing,No,2227,1.47,1.0929,Medium,High
181011,Aisle,8.9,4.06,Yes,High,Seniors,Food,Yes,994,4.84,2.1921,Low,Low
139967,End-cap,28.7,24.82,No,High,College students,Electronics,No,2634,3.88,1.1563,Medium,High
162699,End-cap,49.58,47.36,No,High,Young adults,Electronics,Yes,2732,2.22,1.0469,High,High
119044,Aisle,36.67,32.79,No,High,College students,Food,Yes,1140,3.88,1.1183,High,Medium
121348,End-cap,32.06,29.0,No,High,Seniors,Electronics,Yes,1008,3.06,1.1055,High,Medium
163982,Front of Store,17.2,12.21,No,Medium,Families,Clothing,No,2685,4.99,1.4087,Medium,High
185774,End-cap,7.33,2.63,Yes,High,College students,Clothing,Yes,1145,4.7,2.7871,Low,Medium
144651,Aisle,31.45,31.4,Yes,High,Families,Clothing,No,1791,0.05,1.0016,High,Medium
195103,Aisle,41.79,41.5,Yes,High,Families,Food,No,2849,0.29,1.007,High,High
123047,Aisle,9.88,6.03,No,Low,Seniors,Food,Yes,2985,3.85,1.6385,Low,High
123077,Front of Store,16.27,13.48,No,Medium,Young adults,Electronics,No,1603,2.79,1.207,Medium,Medium
171860,Aisle,43.18,39.47,Yes,High,Young adults,Electronics,No,707,3.71,1.094,High,Low
149487,Aisle,25.54,20.91,No,High,Families,Clothing,Yes,1258,4.63,1.2214,Medium,Medium
168516,Front of Store,17.09,14.13,Yes,Medium,College students,Clothing,No,2168,2.96,1.2095,Medium,High
177771,End-cap,37.72,36.32,Yes,Low,Young adults,Electronics,Yes,1764,1.4,1.0385,High,Medium
172015,End-cap,33.93,30.5,Yes,Medium,College students,Electronics,Yes,2622,3.43,1.1125,High,High
118985,Aisle,49.12,48.16,No,Medium,Young adults,Clothing,Yes,694,0.96,1.0199,High,Low
112194,Aisle,14.02,10.78,Yes,High,Young adults,Food,Yes,2187,3.24,1.3006,Low,High
113435,Aisle,6.72,3.47,No,Low,Seniors,Food,Yes,2973,3.25,1.9366,Low,High
159182,Front of Store,8.55,4.44,Yes,Medium,Young adults,Electronics,No,1014,4.11,1.9257,Low,Medium
199233,Aisle,13.99,13.2,Yes,Low,Families,Clothing,No,2222,0.79,1.0598,Low,High
137044,Aisle,46.2,45.42,No,Low,Seniors,Electronics,Yes,2534,0.78,1.0172,High,High
154736,Front of Store,9.28,7.91,Yes,Medium,Families,Food,Yes,1466,1.37,1.1732,Low,Medium
141434,Front of Store,46.6,45.81,No,Low,Families,Clothing,Yes,2870,0.79,1.0172,High,High
155659,Aisle,47.38,42.54,Yes,Medium,Seniors,Food,Yes,2654,4.84,1.1138,High,High
168643,End-cap,33.26,32.47,No,High,Seniors,Food,No,2166,0.79,1.0243,High,High
175357,End-cap,23.04,20.07,No,Medium,Families,Clothing,Yes,867,2.97,1.148,Medium,Low
137530,Front of Store,45.45,41.12,No,Medium,College students,Food,No,1522,4.33,1.1053,High,Medium
153482,Aisle,39.56,36.33,Yes,Low,Young adults,Electronics,No,2969,3.23,1.0889,High,High
112593,Aisle,41.98,41.17,No,Medium,Young adults,Food,Yes,2651,0.81,1.0197,High,High
110241,End-cap,28.62,27.0,No,Low,College students,Electronics,No,2353,1.62,1.06,Medium,High
144970,Front of Store,44.16,40.38,No,High,Families,Food,Yes,1461,3.78,1.0936,High,Medium
114822,Front of Store,17.98,16.78,Yes,Low,Young adults,Electronics,No,1698,1.2,1.0715,Medium,Medium
153452,Front of Store,34.49,31.14,Yes,Medium,College students,Electronics,Yes,1563,3.35,1.1076,High,Medium
144264,End-cap,14.56,11.4,Yes,Low,Families,Electronics,Yes,2516,3.16,1.2772,Low,High
128749,Front of Store,44.71,42.78,Yes,Medium,Seniors,Food,No,1061,1.93,1.0451,High,Medium
147955,End-cap,19.47,14.6,No,Medium,College students,Food,Yes,1898,4.87,1.3336,Medium,Medium
142210,Front of Store,42.69,38.51,Yes,High,Families,Clothing,No,1959,4.18,1.1085,High,Medium
110696,Aisle,33.2,32.63,No,High,Families,Clothing,No,2630,0.57,1.0175,High,High
111826,Front of Store,29.04,27.7,No,Low,Seniors,Food,No,1926,1.34,1.0484,Medium,Medium
118116,End-cap,38.6,38.23,No,Medium,Young adults,Clothing,No,1857,0.37,1.0097,High,Medium
152727,Front of Store,15.44,13.43,No,Low,College students,Clothing,Yes,1383,2.01,1.1497,Medium,Medium
198291,Front of Store,21.52,19.8,Yes,Medium,Seniors,Food,No,2475,1.72,1.0869,Medium,High
136227,End-cap,18.39,13.66,No,Medium,College students,Clothing,Yes,2452,4.73,1.3463,Medium,High
144031,End-cap,19.87,19.74,No,High,Families,Electronics,Yes,1470,0.13,1.0066,Medium,Medium
198924,End-cap,22.87,19.29,Yes,High,College students,Clothing,Yes,776,3.58,1.1856,Medium,Low
187922,Front of Store,17.82,17.31,No,Medium,Families,Clothing,Yes,1688,0.51,1.0295,Medium,Medium
168448,End-cap,44.19,40.88,Yes,Medium,College students,Food,Yes,2926,3.31,1.081,High,High
192111,Aisle,20.88,17.54,No,Low,Seniors,Electronics,No,737,3.34,1.1904,Medium,Low
185466,Aisle,14.83,14.72,No,High,Families,Electronics,No,509,0.11,1.0075,Low,Low
174277,End-cap,20.76,20.72,No,Medium,Young adults,Food,Yes,2343,0.04,1.0019,Medium,High
158519,Aisle,16.41,11.61,Yes,Low,Families,Electronics,No,1986,4.8,1.4134,Medium,Medium
178624,Front of Store,23.22,20.6,No,Medium,Young adults,Food,No,1821,2.62,1.1272,Medium,Medium
123728,Aisle,11.53,9.07,Yes,High,Seniors,Electronics,No,2669,2.46,1.2712,Low,High
197954,Aisle,27.06,22.66,Yes,Low,College students,Food,No,2391,4.4,1.1942,Medium,High
133328,Front of Store,16.63,12.63,No,Medium,Young adults,Food,Yes,1241,4.0,1.3167,Medium,Medium
145345,End-cap,37.29,36.95,Yes,High,Young adults,Clothing,No,869,0.34,1.0092,High,Low
116054,Front of Store,43.59,39.42,No,Medium,College students,Electronics,Yes,2931,4.17,1.1058,High,High
173141,Front of Store,16.63,15.78,Yes,Medium,Families,Electronics,Yes,1721,0.85,1.0539,Medium,Medium
178180,Aisle,25.99,24.45,Yes,Medium,College students,Electronics,No,581,1.54,1.063,Medium,Low
129418,End-cap,20.06,16.58,No,Medium,College students,Clothing,Yes,707,3.48,1.2099,Medium,Low
188708,Front of Store,26.67,25.1,Yes,Medium,Young adults,Food,Yes,666,1.57,1.0625,Medium,Low
132833,Aisle,31.79,28.82,Yes,Medium,College students,Electronics,No,642,2.97,1.1031,High,Low
146914,Front of Store,41.24,36.64,No,Low,Seniors,Electronics,No,2745,4.6,1.1255,High,High
113624,Front of Store,47.84,44.86,No,Medium,Families,Food,No,2478,2.98,1.0664,High,High
180250,Front of Store,12.65,12.61,No,Low,Families,Food,Yes,2906,0.04,1.0032,Low,High
137287,Aisle,46.2,45.85,Yes,High,Families,Food,Yes,611,0.35,1.0076,High,Low
150836,End-cap,34.97,31.08,No,High,Young adults,Food,Yes,734,3.89,1.1252,High,Low
151474,End-cap,29.23,26.88,Yes,High,Families,Clothing,Yes,2366,2.35,1.0874,Medium,High
119803,End-cap,43.26,40.82,No,Low,College students,Food,Yes,1580,2.44,1.0598,High,Medium
115986,Front of Store,10.16,6.72,Yes,Medium,Seniors,Electronics,Yes,1971,3.44,1.5119,Low,Medium
181896,Front of Store,10.82,6.8,No,Low,Families,Food,Yes,582,4.02,1.5912,Low,Low
115036,End-cap,45.34,41.26,Yes,Low,Young adults,Food,No,961,4.08,1.0989,High,Low
179683,End-cap,5.58,3.41,Yes,Medium,Families,Clothing,Yes,1847,2.17,1.6364,Low,Medium
151421,Front of Store,26.86,22.38,No,Low,Seniors,Food,Yes,1716,4.48,1.2002,Medium,Medium
169867,End-cap,35.27,33.42,No,Low,Seniors,Electronics,No,1095,1.85,1.0554,High,Medium
191946,Aisle,8.84,8.82,No,Medium,Young adults,Electronics,Yes,1507,0.02,1.0023,Low,Medium
165630,Front of Store,36.42,31.86,Yes,Medium,Young adults,Food,No,2381,4.56,1.1431,High,High
173122,Front of Store,15.04,10.96,Yes,High,Families,Electronics,Yes,1299,4.08,1.3723,Medium,Medium
137617,End-cap,46.48,43.92,No,Medium,Young adults,Electronics,Yes,931,2.56,1.0583,High,Low
181415,Aisle,44.0,42.4,No,Medium,Families,Food,Yes,2179,1.6,1.0377,High,High
141652,End-cap,12.79,11.24,No,High,Young adults,Food,Yes,1634,1.55,1.1379,Low,Medium
161479,End-cap,25.99,23.59,Yes,Medium,Seniors,Food,No,1381,2.4,1.1017,Medium,Medium
152924,End-cap,19.26,15.59,Yes,High,Families,Clothing,No,845,3.67,1.2354,Medium,Low
176510,End-cap,46.46,43.44,No,Medium,Seniors,Food,No,2075,3.02,1.0695,High,High
156390,End-cap,30.51,25.84,No,Medium,College students,Food,No,2962,4.67,1.1807,High,High
177033,Aisle,5.08,3.54,No,Medium,Young adults,Clothing,No,660,1.54,1.435,Low,Low
133753,Front of Store,30.11,26.52,Yes,Medium,Young adults,Electronics,Yes,1418,3.59,1.1354,High,Medium
165841,Aisle,35.69,31.05,Yes,High,Seniors,Food,Yes,2058,4.64,1.1494,High,High
183061,End-cap,33.67,30.14,No,High,College students,Clothing,No,2678,3.53,1.1171,High,High
125175,Front of Store,43.43,41.7,No,Low,Seniors,Electronics,No,1212,1.73,1.0415,High,Medium
115464,Aisle,31.14,28.57,No,Medium,College students,Food,No,1001,2.57,1.09,High,Medium
117231,End-cap,47.65,46.81,No,High,Young adults,Food,No,818,0.84,1.0179,High,Low
154948,End-cap,35.18,34.52,Yes,Medium,Families,Food,Yes,1549,0.66,1.0191,High,Medium
197375,Aisle,17.24,16.93,No,Medium,Seniors,Electronics,No,1135,0.31,1.0183,Medium,Medium
191131,Front of Store,17.29,12.32,No,Low,Seniors,Food,Yes,1833,4.97,1.4034,Medium,Medium
131682,Aisle,41.89,38.32,Yes,Medium,Seniors,Food,Yes,2618,3.57,1.0932,High,High
196276,End-cap,32.26,32.14,No,Medium,Young adults,Electronics,No,1046,0.12,1.0037,High,Medium
190412,Aisle,7.35,4.09,Yes,Medium,Young adults,Electronics,Yes,2656,3.26,1.7971,Low,High
149903,End-cap,38.17,36.06,Yes,High,Families,Clothing,Yes,2673,2.11,1.0585,High,High
189131,Aisle,19.12,16.5,Yes,Low,College students,Food,No,2424,2.62,1.1588,Medium,High
148327,Front of Store,31.77,30.3,Yes,Low,Young adults,Electronics,Yes,1717,1.47,1.0485,High,Medium
189088,Aisle,15.93,14.41,No,Low,Seniors,Electronics,Yes,2116,1.52,1.1055,Medium,High
143305,Aisle,13.33,11.8,No,Medium,Seniors,Food,Yes,2880,1.53,1.1297,Low,High
180943,Front of Store,17.48,13.88,No,High,College students,Clothing,Yes,2734,3.6,1.2594,Medium,High
152059,Front of Store,17.05,12.61,No,High,Seniors,Clothing,No,1091,4.44,1.3521,Medium,Medium
133691,Aisle,49.8,48.64,No,High,Families,Electronics,No,2919,1.16,1.0238,High,High
161644,End-cap,28.16,23.86,No,High,Young adults,Food,Yes,1145,4.3,1.1802,Medium,Medium
132643,Aisle,44.21,43.36,No,High,Families,Food,Yes,566,0.85,1.0196,High,Low
162317,End-cap,21.33,18.04,No,Medium,Young adults,Food,Yes,2517,3.29,1.1824,Medium,High
128592,Front of Store,11.29,10.38,No,Medium,Young adults,Food,No,1086,0.91,1.0877,Low,Medium
192892,Front of Store,35.43,33.8,Yes,High,Young adults,Food,Yes,2623,1.63,1.0482,High,High
197147,Front of Store,44.35,44.32,No,Medium,Families,Food,No,2205,0.03,1.0007,High,High
130871,Front of Store,13.89,10.9,No,Low,College students,Food,Yes,707,2.99,1.2743,Low,Low
184314,Aisle,29.6,25.68,No,Low,Young adults,Clothing,No,2689,3.92,1.1526,Medium,High
131922,Front of Store,40.96,37.77,Yes,Low,College students,Electronics,Yes,1544,3.19,1.0845,High,Medium
130546,End-cap,41.34,38.01,Yes,Medium,Families,Food,Yes,2776,3.33,1.0876,High,High
167541,End-cap,20.15,15.96,Yes,Medium,Seniors,Clothing,Yes,2054,4.19,1.2625,Medium,High
165128,Front of Store,5.8,2.21,Yes,Medium,Families,Food,No,1242,3.59,2.6244,Low,Medium
126255,Front of Store,23.1,22.97,Yes,Low,Seniors,Electronics,Yes,1195,0.13,1.0057,Medium,Medium
176976,End-cap,41.72,41.7,No,Low,Seniors,Clothing,Yes,2825,0.02,1.0005,High,High
185599,Aisle,24.04,19.71,No,Low,Seniors,Food,No,2656,4.33,1.2197,Medium,High
167273,End-cap,5.55,3.4,No,Medium,Families,Food,No,1598,2.15,1.6324,Low,Medium
189296,End-cap,39.0,34.9,Yes,High,Families,Clothing,No,1452,4.1,1.1175,High,Medium
125082,End-cap,29.75,28.24,No,Low,College students,Electronics,No,1446,1.51,1.0535,Medium,Medium
116920,Aisle,32.25,29.15,Yes,High,Seniors,Clothing,No,1634,3.1,1.1063,High,Medium
111320,End-cap,44.51,43.38,No,Medium,Seniors,Clothing,Yes,1098,1.13,1.026,High,Medium
172247,End-cap,11.85,11.0,No,Medium,Families,Clothing,No,867,0.85,1.0773,Low,Low
143462,End-cap,33.11,29.2,No,High,Seniors,Food,No,2329,3.91,1.1339,High,High
125637,Front of Store,24.67,21.83,No,Low,Seniors,Clothing,Yes,1797,2.84,1.1301,Medium,Medium
115827,End-cap,8.9,5.4,Yes,Medium,Families,Clothing,Yes,2636,3.5,1.6481,Low,High
183225,End-cap,37.72,37.14,Yes,Low,Young adults,Food,No,2659,0.58,1.0156,High,High
133283,Aisle,30.44,28.74,Yes,High,Young adults,Electronics,No,1937,1.7,1.0592,High,Medium
164389,Front of Store,23.18,19.44,No,Low,Families,Electronics,Yes,946,3.74,1.1924,Medium,Low
163108,Aisle,9.48,8.56,No,Low,Seniors,Clothing,Yes,2015,0.92,1.1075,Low,High
160121,Aisle,45.89,42.27,Yes,Medium,Young adults,Food,Yes,1826,3.62,1.0856,High,Medium
141116,Front of Store,13.57,13.42,Yes,Low,College students,Clothing,Yes,2175,0.15,1.0112,Low,High
157901,End-cap,44.95,44.81,Yes,High,Seniors,Clothing,No,2429,0.14,1.0031,High,High
165017,Aisle,29.79,28.21,Yes,Medium,Seniors,Food,Yes,2257,1.58,1.056,Medium,High
165689,End-cap,41.01,39.78,No,Medium,Families,Food,No,696,1.23,1.0309,High,Low
172370,End-cap,49.94,48.76,No,High,Young adults,Food,No,1789,1.18,1.0242,High,Medium
149539,End-cap,6.23,4.53,No,Medium,Seniors,Electronics,No,2203,1.7,1.3753,Low,High
149127,Front of Store,46.45,45.65,No,High,Young adults,Food,No,2727,0.8,1.0175,High,High
199887,Front of Store,29.76,29.19,No,High,Seniors,Food,Yes,1109,0.57,1.0195,Medium,Medium
166103,End-cap,21.8,21.43,Yes,Low,Young adults,Clothing,Yes,2428,0.37,1.0173,Medium,High
144850,Front of Store,25.49,24.92,No,Medium,Seniors,Food,No,2190,0.57,1.0229,Medium,High
139746,Aisle,14.04,11.23,Yes,High,Young adults,Food,Yes,699,2.81,1.2502,Low,Low
177685,Aisle,29.68,28.94,No,Low,Young adults,Food,No,2204,0.74,1.0256,Medium,High
166728,Aisle,25.92,23.68,Yes,High,College students,Electronics,No,542,2.24,1.0946,Medium,Low
116065,Front of Store,36.88,35.72,Yes,Medium,Seniors,Food,Yes,2912,1.16,1.0325,High,High
110033,Front of Store,40.15,39.38,Yes,Low,Families,Electronics,Yes,1998,0.77,1.0196,High,Medium
164617,Front of Store,41.6,38.19,Yes,High,Seniors,Electronics,No,577,3.41,1.0893,High,Low
112314,Aisle,42.47,41.94,Yes,Low,College students,Electronics,No,1370,0.53,1.0126,High,Medium
130671,End-cap,35.95,31.23,Yes,Low,Seniors,Electronics,No,2432,4.72,1.1511,High,High
176094,End-cap,32.37,28.91,Yes,High,Families,Electronics,No,1506,3.46,1.1197,High,Medium
133227,Front of Store,13.73,10.09,Yes,High,Seniors,Food,Yes,1911,3.64,1.3608,Low,Medium
170530,Aisle,34.86,33.16,Yes,High,College students,Food,Yes,880,1.7,1.0513,High,Low
195782,Front of Store,22.2,18.07,No,Medium,Seniors,Clothing,No,2748,4.13,1.2286,Medium,High
113054,End-cap,32.09,28.27,Yes,Medium,Young adults,Food,No,1705,3.82,1.1351,High,Medium
198313,Aisle,33.95,33.43,No,Medium,Families,Food,Yes,1298,0.52,1.0156,High,Medium
158628,End-cap,22.29,17.88,Yes,High,Seniors,Clothing,Yes,708,4.41,1.2466,Medium,Low
154165,Aisle,30.33,30.04,No,High,Seniors,Electronics,Yes,1887,0.29,1.0097,High,Medium
122473,Aisle,32.2,31.52,No,Medium,Seniors,Clothing,Yes,1604,0.68,1.0216,High,Medium
150408,End-cap,31.86,27.95,Yes,Low,College students,Food,Yes,1603,3.91,1.1399,High,Medium
178253,Aisle,13.82,9.57,No,Low,College students,Clothing,Yes,2609,4.25,1.4441,Low,High
182211,End-cap,6.38,5.8,No,Medium,Families,Clothing,Yes,1956,0.58,1.1,Low,Medium
157396,Front of Store,7.24,4.3,Yes,High,College students,Clothing,No,1929,2.94,1.6837,Low,Medium
152736,Aisle,6.99,4.25,Yes,Low,Seniors,Electronics,No,570,2.74,1.6447,Low,Low
168051,Aisle,13.03,9.96,No,High,Young adults,Electronics,Yes,1680,3.07,1.3082,Low,Medium
119648,Aisle,31.46,28.87,No,Medium,College students,Clothing,No,2356,2.59,1.0897,High,High
130206,Aisle,37.16,32.19,Yes,Low,College students,Electronics,No,2510,4.97,1.1544,High,High
153501,Aisle,29.56,29.41,Yes,Medium,Families,Clothing,Yes,1103,0.15,1.0051,Medium,Medium
196059,Aisle,43.14,38.22,No,High,Seniors,Clothing,No,1692,4.92,1.1287,High,Medium
153655,Aisle,6.98,3.65,Yes,Low,Young adults,Clothing,No,2949,3.33,1.9123,Low,High
191803,Front of Store,22.04,18.39,Yes,Medium,Young adults,Electronics,Yes,1956,3.65,1.1985,Medium,Medium
145992,Front of Store,5.25,4.12,Yes,Low,College students,Electronics,No,1519,1.13,1.2743,Low,Medium
118967,End-cap,7.93,4.75,Yes,High,Young adults,Electronics,No,777,3.18,1.6695,Low,Low
125062,End-cap,45.23,43.36,No,High,College students,Food,No,768,1.87,1.0431,High,Low
165448,End-cap,46.61,41.87,Yes,High,Families,Clothing,Yes,1294,4.74,1.1132,High,Medium
160827,End-cap,25.91,21.37,No,Low,Seniors,Electronics,Yes,2555,4.54,1.2124,Medium,High
125378,Aisle,23.53,22.66,Yes,Medium,Young adults,Electronics,No,1770,0.87,1.0384,Medium,Medium
185547,Aisle,33.88,32.2,Yes,High,College students,Food,Yes,2933,1.68,1.0522,High,High
191475,Aisle,29.88,26.09,No,High,Seniors,Clothing,No,1808,3.79,1.1453,Medium,Medium
193605,Front of Store,5.18,1.25,No,Medium,Families,Electronics,Yes,960,3.93,4.144,Low,Low
193179,Front of Store,29.65,25.39,Yes,Low,Young adults,Electronics,Yes,2593,4.26,1.1678,Medium,High
131808,Front of Store,5.49,3.93,Yes,Medium,Young adults,Electronics,No,2071,1.56,1.3969,Low,High
134615,End-cap,46.83,43.95,No,High,Young adults,Electronics,Yes,2441,2.88,1.0655,High,High
142414,Aisle,47.21,43.5,Yes,High,Young adults,Clothing,No,2683,3.71,1.0853,High,High
152245,Aisle,30.79,28.5,No,High,Families,Clothing,No,1105,2.29,1.0804,High,Medium
186093,End-cap,42.17,41.97,No,High,College students,Clothing,Yes,1697,0.2,1.0048,High,Medium
123603,Aisle,23.26,19.02,Yes,High,Seniors,Electronics,No,2963,4.24,1.2229,Medium,High
178518,Front of Store,38.84,37.74,No,High,Families,Clothing,No,2200,1.1,1.0291,High,High
185924,Front of Store,5.84,1.86,Yes,High,College students,Electronics,No,2840,3.98,3.1398,Low,High
161426,End-cap,44.13,43.27,No,Low,Seniors,Food,No,1739,0.86,1.0199,High,Medium
179528,End-cap,40.14,36.2,No,Low,College students,Clothing,No,2999,3.94,1.1088,High,High
152881,Front of Store,27.34,22.81,Yes,Low,Seniors,Electronics,No,2971,4.53,1.1986,Medium,High
158853,Aisle,46.23,41.51,Yes,Low,College students,Food,No,793,4.72,1.1137,High,Low
186138,Aisle,33.23,30.17,No,Low,Young adults,Electronics,Yes,2641,3.06,1.1014,High,High
183223,Aisle,27.65,27.47,Yes,High,Young adults,Food,Yes,1171,0.18,1.0066,Medium,Medium
113169,Aisle,22.42,20.12,Yes,Low,Seniors,Clothing,No,2971,2.3,1.1143,Medium,High
138256,Front of Store,30.63,26.41,Yes,High,College students,Food,No,2188,4.22,1.1598,High,High
115815,End-cap,29.87,25.64,Yes,High,Seniors,Food,Yes,1287,4.23,1.165,Medium,Medium
162665,Aisle,27.54,27.44,Yes,Medium,Young adults,Electronics,Yes,1946,0.1,1.0036,Medium,Medium
164361,Aisle,11.57,8.19,Yes,High,Families,Clothing,Yes,1557,3.38,1.4127,Low,Medium
112551,Front of Store,12.44,9.74,No,Low,Families,Clothing,No,1060,2.7,1.2772,Low,Medium
184922,Aisle,49.7,47.27,Yes,Medium,College students,Electronics,Yes,2461,2.43,1.0514,High,High
159197,Front of Store,36.55,31.66,Yes,High,Young adults,Food,Yes,2745,4.89,1.1545,High,High
162972,Front of Store,25.44,21.24,Yes,Medium,Seniors,Food,Yes,1802,4.2,1.1977,Medium,Medium
194018,Front of Store,27.67,22.78,Yes,High,Seniors,Electronics,No,1024,4.89,1.2147,Medium,Medium
128043,Aisle,11.0,6.91,Yes,High,Young adults,Clothing,No,667,4.09,1.5919,Low,Low
194508,Front of Store,11.03,10.21,No,Medium,College students,Clothing,Yes,2691,0.82,1.0803,Low,High
125010,Front of Store,30.97,26.4,Yes,Low,College students,Clothing,No,533,4.57,1.1731,High,Low
157494,Aisle,21.68,19.1,Yes,Low,Seniors,Electronics,Yes,1410,2.58,1.1351,Medium,Medium
195774,End-cap,47.46,42.76,No,Low,Young adults,Clothing,No,2905,4.7,1.1099,High,High
133617,End-cap,34.49,32.89,No,Low,Seniors,Clothing,Yes,2881,1.6,1.0486,High,High
176459,Front of Store,39.72,36.86,No,High,Families,Electronics,No,657,2.86,1.0776,High,Low
138820,Aisle,5.85,2.03,Yes,Low,Seniors,Clothing,Yes,2975,3.82,2.8818,Low,High
152123,Front of Store,26.07,25.02,Yes,Low,Families,Clothing,No,955,1.05,1.042,Medium,Low
165842,Front of Store,40.62,37.68,No,High,Seniors,Clothing,Yes,633,2.94,1.078,High,Low
160474,Front of Store,10.3,6.83,Yes,Medium,College students,Electronics,Yes,1430,3.47,1.5081,Low,Medium
198462,End-cap,31.39,26.78,No,Medium,Seniors,Electronics,No,1779,4.61,1.1721,High,Medium
194843,Aisle,5.14,3.62,Yes,Medium,College students,Clothing,No,1324,1.52,1.4199,Low,Medium
150604,Aisle,25.89,22.26,Yes,Low,Families,Food,Yes,2694,3.63,1.1631,Medium,High
190418,End-cap,43.29,42.64,No,Medium,Young adults,Electronics,No,1341,0.65,1.0152,High,Medium
133094,Front of Store,29.18,28.36,Yes,Medium,College students,Food,Yes,2643,0.82,1.0289,Medium,High
189074,End-cap,5.9,1.5,Yes,Medium,College students,Food,Yes,1353,4.4,3.9333,Low,Medium
152783,Front of Store,44.43,43.93,Yes,Low,Young adults,Electronics,Yes,2839,0.5,1.0114,High,High
152215,Front of Store,22.4,19.66,No,Low,Young adults,Electronics,No,954,2.74,1.1394,Medium,Low
174676,Aisle,16.36,15.03,Yes,Medium,Families,Clothing,Yes,1509,1.33,1.0885,Medium,Medium
147821,Front of Store,26.3,24.58,No,Low,College students,Clothing,No,2420,1.72,1.07,Medium,High
113180,Aisle,47.71,46.97,Yes,Medium,Families,Electronics,No,2305,0.74,1.0158,High,High
147684,Aisle,32.67,30.34,No,Medium,College students,Clothing,No,914,2.33,1.0768,High,Low
110276,Aisle,34.75,30.57,Yes,Medium,Young adults,Food,Yes,893,4.18,1.1367,High,Low
119373,Aisle,8.72,5.39,Yes,Low,College students,Electronics,No,2757,3.33,1.6178,Low,High
130090,Aisle,13.15,12.98,Yes,Medium,Seniors,Electronics,No,905,0.17,1.0131,Low,Low
168451,Front of Store,10.27,7.41,No,High,College students,Electronics,No,1050,2.86,1.386,Low,Medium
196907,Aisle,17.35,17.17,Yes,Medium,Seniors,Clothing,Yes,2911,0.18,1.0105,Medium,High
153708,Aisle,12.05,9.59,Yes,High,Seniors,Clothing,No,541,2.46,1.2565,Low,Low
116949,End-cap,7.01,4.71,Yes,Low,College students,Food,No,926,2.3,1.4883,Low,Low
128184,Aisle,26.69,22.29,Yes,Low,Families,Food,No,527,4.4,1.1974,Medium,Low
190312,End-cap,41.92,37.02,Yes,Medium,Seniors,Electronics,Yes,2252,4.9,1.1324,High,High
195839,Aisle,43.89,39.28,Yes,Low,Families,Food,Yes,769,4.61,1.1174,High,Low
197080,Front of Store,40.24,37.9,Yes,Medium,Seniors,Clothing,Yes,2798,2.34,1.0617,High,High
126882,Aisle,8.71,6.89,No,Medium,College students,Clothing,Yes,2166,1.82,1.2642,Low,High
121683,End-cap,14.48,11.5,No,Low,College students,Clothing,Yes,1669,2.98,1.2591,Low,Medium
114466,Aisle,19.24,16.55,No,High,Young adults,Clothing,Yes,1056,2.69,1.1625,Medium,Medium
133423,Front of Store,43.91,42.82,Yes,Low,Seniors,Food,No,768,1.09,1.0255,High,Low
129345,Aisle,39.19,35.94,No,High,Families,Electronics,No,1227,3.25,1.0904,High,Medium
182298,Aisle,5.45,4.89,No,Low,Young adults,Clothing,No,2205,0.56,1.1145,Low,High
115099,End-cap,44.39,43.57,No,High,Families,Food,No,2749,0.82,1.0188,High,High
123677,End-cap,23.14,18.42,No,Low,College students,Clothing,Yes,1331,4.72,1.2562,Medium,Medium
156228,Front of Store,32.1,27.11,Yes,Medium,Young adults,Food,Yes,1972,4.99,1.1841,High,Medium
130446,End-cap,32.33,29.9,No,Medium,College students,Food,Yes,2827,2.43,1.0813,High,High
139743,Front of Store,43.33,38.66,No,High,College students,Food,Yes,1861,4.67,1.1208,High,Medium
137462,Front of Store,40.36,39.26,Yes,Low,Families,Electronics,Yes,2714,1.1,1.028,High,High
180388,Aisle,49.25,44.43,No,Medium,Seniors,Food,No,755,4.82,1.1085,High,Low
193975,Front of Store,43.94,43.83,Yes,High,College students,Clothing,Yes,1414,0.11,1.0025,High,Medium
126497,End-cap,34.13,34.11,No,Low,Young adults,Electronics,No,2838,0.02,1.0006,High,High
165072,End-cap,37.02,33.37,No,High,Seniors,Food,Yes,2150,3.65,1.1094,High,High
146446,Front of Store,35.56,30.73,No,High,Families,Electronics,No,2477,4.83,1.1572,High,High
174450,Front of Store,7.33,6.04,No,Medium,Young adults,Electronics,Yes,2651,1.29,1.2136,Low,High
130931,Aisle,42.63,41.03,Yes,High,Families,Electronics,No,2224,1.6,1.039,High,High
196440,Front of Store,24.41,21.22,No,High,Young adults,Clothing,No,2300,3.19,1.1503,Medium,High
113511,End-cap,21.22,19.82,Yes,Medium,Families,Clothing,Yes,2152,1.4,1.0706,Medium,High
163155,Aisle,14.59,13.38,No,Medium,Seniors,Electronics,No,2689,1.21,1.0904,Low,High
143152,Front of Store,14.78,10.6,Yes,Medium,Seniors,Electronics,No,2046,4.18,1.3943,Low,High
178198,Front of Store,40.43,35.86,No,Low,College students,Food,No,2288,4.57,1.1274,High,High
173253,Front of Store,17.43,16.25,Yes,Low,Young adults,Electronics,No,1979,1.18,1.0726,Medium,Medium
131726,End-cap,9.26,6.45,Yes,Low,College students,Clothing,No,2488,2.81,1.4357,Low,High
153970,Aisle,7.44,5.4,Yes,High,Seniors,Food,Yes,1851,2.04,1.3778,Low,Medium
150686,Front of Store,44.09,40.32,No,Low,College students,Food,Yes,2966,3.77,1.0935,High,High
175349,End-cap,37.75,34.49,No,Medium,Young adults,Electronics,No,1322,3.26,1.0945,High,Medium
127292,Aisle,17.28,14.4,No,Medium,Seniors,Electronics,No,1070,2.88,1.2,Medium,Medium
152568,Aisle,6.81,5.61,Yes,Low,Young adults,Clothing,Yes,2966,1.2,1.2139,Low,High
135414,End-cap,32.97,30.24,Yes,Medium,Young adults,Electronics,Yes,1403,2.73,1.0903,High,Medium
110319,Front of Store,6.05,1.11,No,High,Families,Food,No,1775,4.94,5.4505,Low,Medium
174321,End-cap,42.95,42.62,Yes,Low,Seniors,Electronics,No,1662,0.33,1.0077,High,Medium
143069,End-cap,17.23,13.46,No,High,College students,Electronics,Yes,677,3.77,1.2801,Medium,Low
155092,End-cap,39.66,39.05,Yes,High,College students,Clothing,Yes,876,0.61,1.0156,High,Low
114253,Front of Store,35.63,31.26,No,Low,College students,Electronics,No,1495,4.37,1.1398,High,Medium
177321,End-cap,31.78,31.35,No,Low,Families,Clothing,Yes,2286,0.43,1.0137,High,High
130550,Aisle,6.61,5.61,Yes,Medium,Young adults,Food,No,1698,1.0,1.1783,Low,Medium
152773,Front of Store,49.74,46.3,No,Medium,College students,Clothing,Yes,2148,3.44,1.0743,High,High
175790,Aisle,21.18,18.05,Yes,Medium,College students,Food,Yes,1788,3.13,1.1734,Medium,Medium
126957,Front of Store,36.95,34.3,No,High,Families,Clothing,Yes,1809,2.65,1.0773,High,Medium
178874,Aisle,34.22,31.38,No,High,Seniors,Clothing,Yes,952,2.84,1.0905,High,Low
195207,Front of Store,26.14,24.73,Yes,High,Young adults,Electronics,No,1716,1.41,1.057,Medium,Medium
157384,End-cap,24.53,23.54,Yes,High,Seniors,Clothing,No,2479,0.99,1.0421,Medium,High
110980,Aisle,11.77,8.42,No,Medium,Young adults,Electronics,Yes,1610,3.35,1.3979,Low,Medium
144539,Front of Store,28.83,24.6,No,High,Families,Food,Yes,2162,4.23,1.172,Medium,High
156638,Front of Store,42.21,38.19,Yes,Medium,Seniors,Food,Yes,1539,4.02,1.1053,High,Medium
135717,Aisle,31.74,30.41,No,Medium,Families,Clothing,No,743,1.33,1.0437,High,Low
152395,End-cap,13.29,10.2,No,High,College students,Electronics,No,1802,3.09,1.3029,Low,Medium
160346,Aisle,45.45,42.33,No,High,Families,Electronics,Yes,1416,3.12,1.0737,High,Medium
142963,End-cap,30.48,27.39,No,Medium,College students,Clothing,Yes,1087,3.09,1.1128,High,Medium
155793,End-cap,17.79,17.61,No,Medium,Young adults,Electronics,Yes,2225,0.18,1.0102,Medium,High
124413,Front of Store,30.06,29.48,No,High,Families,Food,Yes,1232,0.58,1.0197,High,Medium
160541,End-cap,24.79,21.25,No,High,Young adults,Electronics,No,1311,3.54,1.1666,Medium,Medium
114964,Front of Store,16.47,13.41,Yes,Medium,Seniors,Electronics,No,570,3.06,1.2282,Medium,Low
199673,End-cap,8.2,4.13,No,High,Seniors,Food,Yes,2488,4.07,1.9855,Low,High
141355,End-cap,34.36,33.24,Yes,High,Families,Clothing,No,1950,1.12,1.0337,High,Medium
144362,Aisle,22.69,20.5,Yes,High,Seniors,Clothing,Yes,2270,2.19,1.1068,Medium,High
144721,Front of Store,25.51,22.38,No,High,Families,Electronics,No,2917,3.13,1.1399,Medium,High
139337,End-cap,42.31,41.34,Yes,Medium,Young adults,Clothing,No,1878,0.97,1.0235,High,Medium
167218,End-cap,35.35,34.4,No,Low,College students,Clothing,No,2621,0.95,1.0276,High,High
119583,Front of Store,6.32,5.2,No,High,Young adults,Electronics,Yes,1332,1.12,1.2154,Low,Medium
195223,Front of Store,23.16,22.01,No,Medium,College students,Clothing,Yes,2526,1.15,1.0522,Medium,High
130120,End-cap,42.89,38.76,No,Low,Families,Electronics,No,2963,4.13,1.1066,High,High
141261,Front of Store,49.98,47.6,Yes,Low,Young adults,Clothing,No,641,2.38,1.05,High,Low
186584,Aisle,33.76,33.19,Yes,Medium,College students,Electronics,No,1370,0.57,1.0172,High,Medium
120793,Front of Store,29.98,28.14,No,Medium,Seniors,Electronics,Yes,2204,1.84,1.0654,Medium,High
155385,End-cap,38.8,35.71,No,Medium,Young adults,Electronics,No,1973,3.09,1.0865,High,Medium
151124,End-cap,8.34,7.22,No,High,Families,Clothing,No,2895,1.12,1.1551,Low,High
179168,Front of Store,47.77,44.38,No,Low,Families,Electronics,Yes,1389,3.39,1.0764,High,Medium
162419,Aisle,27.09,25.32,Yes,High,Seniors,Electronics,Yes,617,1.77,1.0699,Medium,Low
113067,Front of Store,26.16,24.53,No,High,Families,Clothing,No,1062,1.63,1.0664,Medium,Medium
178104,Aisle,15.32,13.21,No,High,Seniors,Electronics,Yes,2827,2.11,1.1597,Medium,High
138903,Aisle,39.87,39.54,No,Low,Families,Clothing,No,1981,0.33,1.0083,High,Medium
116993,Front of Store,31.69,31.54,No,High,College students,Clothing,No,2938,0.15,1.0048,High,High
111935,Aisle,16.27,15.54,No,High,College students,Clothing,No,1831,0.73,1.047,Medium,Medium
115210,Front of Store,28.08,25.81,No,High,Seniors,Electronics,Yes,2068,2.27,1.088,Medium,High
173296,End-cap,11.95,11.03,No,Medium,College students,Clothing,Yes,1009,0.92,1.0834,Low,Medium
110709,Aisle,18.48,17.43,No,Medium,College students,Food,Yes,2450,1.05,1.0602,Medium,High
134034,Front of Store,31.72,28.87,Yes,High,Young adults,Clothing,Yes,2571,2.85,1.0987,High,High
165430,Aisle,29.45,26.6,Yes,High,College students,Food,No,2815,2.85,1.1071,Medium,High
192396,Front of Store,7.32,7.08,No,Low,Families,Food,Yes,1039,0.24,1.0339,Low,Medium
149662,End-cap,13.33,11.68,Yes,Low,College students,Electronics,No,1376,1.65,1.1413,Low,Medium
169368,Front of Store,24.1,19.13,Yes,High,Families,Food,No,1955,4.97,1.2598,Medium,Medium
173174,End-cap,12.05,9.14,No,High,Seniors,Clothing,No,636,2.91,1.3184,Low,Low
153411,Front of Store,25.9,25.7,Yes,Low,Families,Clothing,Yes,869,0.2,1.0078,Medium,Low
135465,Aisle,12.65,11.97,Yes,High,College students,Food,No,1015,0.68,1.0568,Low,Medium
151005,End-cap,17.79,12.86,No,Low,Seniors,Food,No,1276,4.93,1.3834,Medium,Medium
172517,Aisle,23.94,19.7,No,Medium,Seniors,Electronics,Yes,808,4.24,1.2152,Medium,Low
113368,End-cap,17.48,12.55,No,High,Young adults,Clothing,Yes,2682,4.93,1.3928,Medium,High
112801,Front of Store,41.6,38.31,Yes,High,Young adults,Food,Yes,1363,3.29,1.0859,High,Medium
163286,Aisle,49.64,48.84,No,Low,Young adults,Food,No,2184,0.8,1.0164,High,High
175963,End-cap,15.09,12.43,Yes,High,College students,Clothing,Yes,1417,2.66,1.214,Medium,Medium
119258,End-cap,41.97,40.32,No,Medium,Families,Clothing,No,1415,1.65,1.0409,High,Medium
131817,End-cap,33.48,28.94,No,High,Families,Electronics,Yes,2889,4.54,1.1569,High,High
193731,Aisle,49.55,49.1,Yes,Medium,Families,Clothing,No,1592,0.45,1.0092,High,Medium
175087,End-cap,24.64,23.91,No,High,Families,Food,No,2874,0.73,1.0305,Medium,High
129041,End-cap,40.28,38.37,Yes,Low,Seniors,Food,No,2025,1.91,1.0498,High,High
194723,End-cap,10.09,5.6,No,Low,Families,Clothing,Yes,1846,4.49,1.8018,Low,Medium
178350,End-cap,36.71,34.55,No,High,Families,Food,Yes,1964,2.16,1.0625,High,Medium
137798,Front of Store,18.91,17.76,No,High,Young adults,Clothing,No,1408,1.15,1.0648,Medium,Medium
158893,Front of Store,35.65,31.08,Yes,Low,Seniors,Clothing,Yes,1272,4.57,1.147,High,Medium
149201,Aisle,46.97,46.34,Yes,Medium,Families,Electronics,Yes,521,0.63,1.0136,High,Low
169631,Aisle,17.05,14.8,No,High,Seniors,Electronics,No,2100,2.25,1.152,Medium,High
168106,Front of Store,18.93,18.41,No,Low,College students,Food,No,1134,0.52,1.0282,Medium,Medium
177650,Aisle,43.59,39.89,Yes,High,Seniors,Electronics,No,2241,3.7,1.0928,High,High
154029,End-cap,34.88,34.6,Yes,Low,Young adults,Food,Yes,2954,0.28,1.0081,High,High
130738,Front of Store,14.18,13.19,Yes,Medium,Seniors,Clothing,No,1085,0.99,1.0751,Low,Medium
140879,Aisle,45.5,43.19,Yes,High,Young adults,Food,No,1495,2.31,1.0535,High,Medium
151900,Aisle,47.99,47.59,Yes,Medium,College students,Food,Yes,1560,0.4,1.0084,High,Medium
187604,End-cap,49.21,48.05,No,Medium,College students,Food,Yes,782,1.16,1.0241,High,Low
174627,Front of Store,38.69,37.01,No,High,College students,Clothing,No,1296,1.68,1.0454,High,Medium
133654,End-cap,42.98,41.61,Yes,Medium,Young adults,Clothing,No,2333,1.37,1.0329,High,High
180951,Front of Store,25.2,22.09,Yes,High,Seniors,Clothing,Yes,2056,3.11,1.1408,Medium,High
110578,End-cap,22.22,21.56,No,High,Families,Food,No,950,0.66,1.0306,Medium,Low
192711,Aisle,36.4,34.38,Yes,High,Seniors,Electronics,Yes,2079,2.02,1.0588,High,High
154096,Aisle,43.32,39.63,Yes,Low,Families,Food,No,2144,3.69,1.0931,High,High
124265,End-cap,24.39,20.92,Yes,High,Families,Clothing,No,2715,3.47,1.1659,Medium,High
120576,End-cap,16.48,14.74,No,High,College students,Food,Yes,1357,1.74,1.118,Medium,Medium
166314,End-cap,38.36,35.33,No,Medium,Seniors,Food,Yes,2896,3.03,1.0858,High,High
138145,Front of Store,25.94,24.83,Yes,Medium,Families,Clothing,No,2523,1.11,1.0447,Medium,High
192789,End-cap,15.65,14.23,No,Medium,College students,Clothing,No,2480,1.42,1.0998,Medium,High
150907,Front of Store,45.68,45.58,No,High,Seniors,Electronics,No,1323,0.1,1.0022,High,Medium
182011,End-cap,24.17,19.74,Yes,Medium,Seniors,Clothing,No,588,4.43,1.2244,Medium,Low
167179,Front of Store,24.06,23.01,Yes,Low,College students,Clothing,No,2225,1.05,1.0456,Medium,High
116390,End-cap,30.07,29.26,Yes,High,College students,Electronics,Yes,2834,0.81,1.0277,High,High
119757,End-cap,48.21,43.42,No,Low,College students,Clothing,No,1907,4.79,1.1103,High,Medium
139269,Aisle,18.24,16.68,No,Low,Families,Electronics,Yes,821,1.56,1.0935,Medium,Low
135624,Front of Store,6.24,2.06,No,High,Young adults,Food,No,1744,4.18,3.0291,Low,Medium
185187,Front of Store,38.92,38.34,Yes,Medium,College students,Clothing,No,1358,0.58,1.0151,High,Medium
163977,End-cap,37.28,36.19,No,Low,Seniors,Food,No,2872,1.09,1.0301,High,High
128784,Aisle,32.51,31.52,Yes,Medium,College students,Electronics,No,801,0.99,1.0314,High,Low
161283,End-cap,46.68,44.47,No,Medium,College students,Electronics,Yes,1532,2.21,1.0497,High,Medium
166588,End-cap,7.09,5.73,Yes,High,Seniors,Clothing,No,1376,1.36,1.2373,Low,Medium
111384,Aisle,23.22,21.78,No,Low,Young adults,Clothing,No,1859,1.44,1.0661,Medium,Medium
144945,End-cap,28.77,27.43,No,Medium,Families,Food,Yes,1908,1.34,1.0489,Medium,Medium
145405,Aisle,33.95,29.32,No,Medium,Families,Food,Yes,1403,4.63,1.1579,High,Medium
140480,Aisle,33.32,32.96,Yes,Medium,Young adults,Food,No,2599,0.36,1.0109,High,High
117707,Aisle,27.33,25.41,No,Low,College students,Food,No,511,1.92,1.0756,Medium,Low
182158,Front of Store,24.22,23.04,No,Medium,College students,Clothing,Yes,2689,1.18,1.0512,Medium,High
151032,Front of Store,9.78,4.93,No,High,Young adults,Clothing,Yes,2054,4.85,1.9838,Low,High
138160,Aisle,19.57,18.88,Yes,Medium,College students,Food,No,839,0.69,1.0365,Medium,Low
132647,Front of Store,15.85,14.41,Yes,High,College students,Food,Yes,2831,1.44,1.0999,Medium,High
154713,Aisle,47.72,44.03,Yes,Medium,Families,Clothing,Yes,1647,3.69,1.0838,High,Medium
157629,Front of Store,18.93,17.81,No,High,Families,Food,No,1277,1.12,1.0629,Medium,Medium
165679,Front of Store,15.38,12.41,No,Low,Families,Clothing,No,1062,2.97,1.2393,Medium,Medium
127978,Front of Store,6.39,5.77,Yes,Low,Seniors,Food,No,1677,0.62,1.1075,Low,Medium
191923,Aisle,47.6,45.1,No,High,Families,Clothing,No,1459,2.5,1.0554,High,Medium
179488,Front of Store,41.53,37.25,Yes,Low,Young adults,Food,Yes,1479,4.28,1.1149,High,Medium
196100,Aisle,24.3,23.86,Yes,Medium,Families,Food,No,944,0.44,1.0184,Medium,Low
114396,Front of Store,37.84,37.37,Yes,Medium,Families,Food,No,1433,0.47,1.0126,High,Medium
126954,Aisle,41.39,39.6,No,Medium,Seniors,Electronics,Yes,1640,1.79,1.0452,High,Medium
161127,End-cap,11.47,7.46,No,Medium,Seniors,Food,No,954,4.01,1.5375,Low,Low
192871,Front of Store,6.39,3.99,No,Low,College students,Clothing,Yes,1654,2.4,1.6015,Low,Medium
196774,Front of Store,40.99,37.67,No,Low,College students,Electronics,Yes,1303,3.32,1.0881,High,Medium
179265,Front of Store,40.07,39.77,Yes,Medium,Seniors,Electronics,No,921,0.3,1.0075,High,Low
127161,End-cap,47.2,44.38,Yes,Medium,Seniors,Food,Yes,2388,2.82,1.0635,High,High
167455,Aisle,44.42,43.37,No,Medium,Families,Food,No,2494,1.05,1.0242,High,High
126083,End-cap,9.29,5.86,No,High,Families,Electronics,No,1079,3.43,1.5853,Low,Medium
191442,Aisle,38.26,38.26,Yes,High,Seniors,Clothing,Yes,604,0.0,1.0,High,Low
157324,Front of Store,36.45,32.2,No,High,Seniors,Food,Yes,1482,4.25,1.132,High,Medium
196863,Front of Store,42.68,42.34,No,Medium,College students,Electronics,Yes,2751,0.34,1.008,High,High
125834,End-cap,37.76,36.64,Yes,Medium,Families,Food,Yes,2700,1.12,1.0306,High,High
160648,End-cap,47.47,45.66,No,Low,Young adults,Electronics,No,1824,1.81,1.0396,High,Medium
177124,Front of Store,30.28,27.84,No,Low,Seniors,Food,No,1339,2.44,1.0876,High,Medium
130113,End-cap,15.48,10.95,Yes,Low,College students,Clothing,No,726,4.53,1.4137,Medium,Low
149104,Aisle,30.51,26.82,No,High,Seniors,Electronics,Yes,1811,3.69,1.1376,High,Medium
131351,Aisle,13.38,11.17,No,High,College students,Electronics,Yes,1031,2.21,1.1979,Low,Medium
163127,End-cap,40.39,36.59,No,Medium,Young adults,Clothing,Yes,1599,3.8,1.1039,High,Medium
145944,End-cap,36.3,33.01,Yes,Medium,Families,Food,No,2219,3.29,1.0997,High,High
178288,Aisle,42.19,38.49,Yes,Medium,Young adults,Clothing,No,858,3.7,1.0961,High,Low
120721,Front of Store,19.15,14.29,Yes,Low,Young adults,Electronics,Yes,1817,4.86,1.3401,Medium,Medium
198257,Front of Store,9.07,4.34,Yes,Medium,Seniors,Food,Yes,647,4.73,2.0899,Low,Low
144938,End-cap,6.71,4.23,No,High,Young adults,Food,Yes,2042,2.48,1.5863,Low,High
180786,Aisle,9.99,6.1,No,High,Young adults,Electronics,No,2581,3.89,1.6377,Low,High
174984,Front of Store,16.46,15.04,No,Low,College students,Clothing,No,2704,1.42,1.0944,Medium,High
164338,Front of Store,21.67,19.04,Yes,Low,Young adults,Clothing,Yes,2614,2.63,1.1381,Medium,High
194730,Front of Store,14.09,10.27,No,Medium,Families,Electronics,No,1531,3.82,1.372,Low,Medium
184387,Front of Store,22.48,20.5,No,High,Seniors,Food,Yes,1862,1.98,1.0966,Medium,Medium
122405,Front of Store,17.06,12.21,No,High,Families,Electronics,No,1312,4.85,1.3972,Medium,Medium
155287,End-cap,20.21,19.05,Yes,Low,Seniors,Clothing,Yes,1830,1.16,1.0609,Medium,Medium
135629,End-cap,19.14,14.98,Yes,Low,Seniors,Electronics,Yes,926,4.16,1.2777,Medium,Low
161695,Aisle,43.33,39.35,No,Medium,Seniors,Clothing,No,2463,3.98,1.1011,High,High
188585,Aisle,24.47,20.48,Yes,Low,Young adults,Electronics,No,2376,3.99,1.1948,Medium,High
199050,End-cap,9.47,6.1,No,Medium,College students,Electronics,No,1352,3.37,1.5525,Low,Medium
140298,Aisle,28.83,25.5,No,Low,Seniors,Clothing,Yes,1039,3.33,1.1306,Medium,Medium
143161,End-cap,35.54,33.58,Yes,Low,Seniors,Clothing,No,946,1.96,1.0584,High,Low
126549,Front of Store,42.47,40.12,Yes,High,Seniors,Clothing,No,1648,2.35,1.0586,High,Medium
199013,Aisle,49.97,45.21,No,Medium,College students,Clothing,No,2894,4.76,1.1053,High,High
120994,End-cap,11.43,8.77,No,Low,College students,Electronics,No,2633,2.66,1.3033,Low,High
123549,End-cap,10.54,5.99,No,Low,Families,Food,No,637,4.55,1.7596,Low,Low
191501,Front of Store,40.75,37.55,No,Low,Families,Food,No,2794,3.2,1.0852,High,High
137441,End-cap,38.57,34.84,No,Low,Seniors,Electronics,Yes,1425,3.73,1.1071,High,Medium
174639,Aisle,32.42,27.95,No,Low,College students,Food,Yes,1865,4.47,1.1599,High,Medium
126334,End-cap,43.81,39.96,No,High,College students,Clothing,No,718,3.85,1.0963,High,Low
158294,Aisle,5.15,5.01,No,Medium,Seniors,Food,No,1252,0.14,1.0279,Low,Medium
171653,End-cap,36.87,34.47,No,Medium,Young adults,Food,Yes,2951,2.4,1.0696,High,High
113784,Front of Store,27.14,23.32,No,Low,College students,Clothing,No,920,3.82,1.1638,Medium,Low
195374,Front of Store,46.16,42.84,Yes,Low,College students,Electronics,No,1844,3.32,1.0775,High,Medium
171712,End-cap,44.95,43.96,No,Medium,College students,Clothing,Yes,835,0.99,1.0225,High,Low
148331,Front of Store,44.38,40.68,Yes,Low,Young adults,Clothing,Yes,1322,3.7,1.091,High,Medium
123478,Aisle,25.59,24.27,No,Low,Seniors,Electronics,Yes,700,1.32,1.0544,Medium,Low
164043,Aisle,11.02,10.23,No,High,Young adults,Food,No,2075,0.79,1.0772,Low,High
158938,Front of Store,39.31,37.18,Yes,High,Seniors,Clothing,No,703,2.13,1.0573,High,Low
118260,End-cap,20.5,17.08,No,Medium,Families,Food,Yes,2653,3.42,1.2002,Medium,High
168970,End-cap,13.49,10.1,No,Medium,Seniors,Clothing,No,2819,3.39,1.3356,Low,High
160301,Front of Store,15.5,13.36,No,Medium,College students,Food,No,1056,2.14,1.1602,Medium,Medium
134598,Aisle,5.66,1.62,Yes,Low,Families,Electronics,No,1475,4.04,3.4938,Low,Medium
140548,Aisle,9.71,5.57,Yes,High,College students,Clothing,No,2971,4.14,1.7433,Low,High
119282,Front of Store,17.05,16.01,No,High,Families,Electronics,No,2136,1.04,1.065,Medium,High
155744,Aisle,33.53,28.67,Yes,Medium,Families,Clothing,Yes,2663,4.86,1.1695,High,High
188805,Aisle,11.42,8.54,Yes,High,Families,Clothing,No,1324,2.88,1.3372,Low,Medium
194198,Aisle,44.88,41.36,Yes,High,College students,Food,Yes,2363,3.52,1.0851,High,High
158917,Front of Store,15.84,11.45,Yes,High,Seniors,Clothing,Yes,2042,4.39,1.3834,Medium,High
119182,Front of Store,16.46,13.91,Yes,Low,Families,Food,No,2578,2.55,1.1833,Medium,High
177843,End-cap,22.29,21.55,Yes,Low,Families,Clothing,No,1898,0.74,1.0343,Medium,Medium
175135,Front of Store,30.9,29.78,No,High,Seniors,Food,No,1732,1.12,1.0376,High,Medium
162886,Front of Store,20.54,17.99,No,Medium,College students,Clothing,Yes,2192,2.55,1.1417,Medium,High
162663,Aisle,34.96,34.77,No,High,Young adults,Electronics,No,2231,0.19,1.0055,High,High
148513,Front of Store,28.81,24.72,Yes,High,Seniors,Food,Yes,980,4.09,1.1655,Medium,Low
127550,Front of Store,45.28,42.69,Yes,Low,Families,Clothing,Yes,2605,2.59,1.0607,High,High
123557,Front of Store,15.14,11.49,No,Low,Seniors,Food,Yes,1035,3.65,1.3177,Medium,Medium
140118,Aisle,41.12,39.94,No,Medium,College students,Electronics,Yes,2063,1.18,1.0295,High,High
172912,Front of Store,40.01,38.86,Yes,High,College students,Clothing,No,2551,1.15,1.0296,High,High
155610,Front of Store,5.11,1.28,No,Low,College students,Electronics,Yes,2807,3.83,3.9922,Low,High
160544,End-cap,45.47,41.47,Yes,Medium,College students,Food,No,2687,4.0,1.0965,High,High
177721,End-cap,25.2,20.82,Yes,Medium,Seniors,Electronics,No,2731,4.38,1.2104,Medium,High
199735,Aisle,41.0,40.35,Yes,Low,Seniors,Electronics,No,1176,0.65,1.0161,High,Medium
164553,End-cap,6.66,3.09,No,High,Families,Clothing,Yes,1826,3.57,2.1553,Low,Medium
160829,Front of Store,28.09,26.0,No,Low,Young adults,Clothing,Yes,1985,2.09,1.0804,Medium,Medium
189316,Front of Store,33.94,32.88,No,Medium,College students,Clothing,Yes,2262,1.06,1.0322,High,High
110815,Aisle,42.48,42.36,No,High,Young adults,Electronics,No,1672,0.12,1.0028,High,Medium
173823,Front of Store,46.95,46.69,Yes,High,Young adults,Electronics,Yes,2732,0.26,1.0056,High,High
189791,End-cap,15.37,13.64,No,High,College students,Food,Yes,1360,1.73,1.1268,Medium,Medium
180074,End-cap,18.25,14.38,Yes,Low,Families,Clothing,Yes,2608,3.87,1.2691,Medium,High
131689,Front of Store,42.43,41.76,No,Low,Families,Food,Yes,1833,0.67,1.016,High,Medium
145573,End-cap,43.83,42.62,No,Medium,Families,Electronics,Yes,1071,1.21,1.0284,High,Medium
196508,End-cap,47.98,44.05,Yes,High,Families,Clothing,Yes,1698,3.93,1.0892,High,Medium
159831,Aisle,36.29,33.69,No,Medium,College students,Electronics,No,763,2.6,1.0772,High,Low
154409,Aisle,19.87,19.65,No,Medium,College students,Food,Yes,1506,0.22,1.0112,Medium,Medium
151330,Front of Store,42.94,39.98,No,Medium,College students,Food,No,2353,2.96,1.074,High,High
178721,End-cap,34.32,30.13,No,Low,Young adults,Electronics,No,628,4.19,1.1391,High,Low
190370,End-cap,36.86,35.27,Yes,Low,Families,Clothing,Yes,554,1.59,1.0451,High,Low
171778,End-cap,34.07,30.82,No,High,Families,Clothing,Yes,2095,3.25,1.1055,High,High
181634,Front of Store,23.99,22.54,No,High,Young adults,Clothing,Yes,2774,1.45,1.0643,Medium,High
146294,Front of Store,11.38,8.6,No,High,Young adults,Food,Yes,2777,2.78,1.3233,Low,High
113594,Front of Store,24.18,21.23,No,High,Seniors,Electronics,No,2376,2.95,1.139,Medium,High
153294,End-cap,30.37,26.67,Yes,Low,Seniors,Electronics,No,1279,3.7,1.1387,High,Medium
191154,End-cap,38.81,36.77,No,Medium,Seniors,Clothing,No,836,2.04,1.0555,High,Low
154870,Front of Store,8.52,5.11,Yes,Low,Young adults,Clothing,Yes,1793,3.41,1.6673,Low,Medium
145558,End-cap,10.78,8.58,Yes,Low,Families,Clothing,No,2728,2.2,1.2564,Low,High
135809,Front of Store,18.9,18.48,Yes,Low,Young adults,Clothing,No,1780,0.42,1.0227,Medium,Medium
156148,Aisle,36.26,34.24,Yes,High,Young adults,Electronics,Yes,1508,2.02,1.059,High,Medium
171191,Front of Store,46.72,45.02,No,High,Families,Food,Yes,2267,1.7,1.0378,High,High
115810,Front of Store,7.28,6.56,No,Medium,Young adults,Clothing,Yes,1953,0.72,1.1098,Low,Medium
115533,End-cap,41.85,37.04,Yes,High,College students,Food,Yes,1971,4.81,1.1299,High,Medium
191827,End-cap,28.57,26.47,Yes,High,Families,Food,No,1178,2.1,1.0793,Medium,Medium
115156,Front of Store,10.66,6.87,Yes,High,College students,Electronics,Yes,2800,3.79,1.5517,Low,High
148849,End-cap,11.75,9.84,Yes,High,Young adults,Electronics,Yes,1307,1.91,1.1941,Low,Medium
121239,Aisle,49.77,49.66,Yes,Low,Seniors,Clothing,Yes,1829,0.11,1.0022,High,Medium
147878,End-cap,38.9,35.38,No,High,Families,Electronics,No,1065,3.52,1.0995,High,Medium
163043,End-cap,15.86,11.57,No,Low,Seniors,Electronics,No,1075,4.29,1.3708,Medium,Medium
198302,Aisle,45.15,42.0,No,High,Seniors,Clothing,No,1388,3.15,1.075,High,Medium
191418,Aisle,46.06,43.67,No,Low,Seniors,Electronics,No,2244,2.39,1.0547,High,High
175324,End-cap,37.69,36.14,Yes,Low,Families,Electronics,Yes,1308,1.55,1.0429,High,Medium
168949,Front of Store,47.81,46.2,Yes,Medium,Seniors,Electronics,No,1033,1.61,1.0348,High,Medium
132443,Aisle,36.15,31.58,Yes,Low,College students,Clothing,No,1924,4.57,1.1447,High,Medium
142665,End-cap,28.97,24.67,Yes,Medium,College students,Clothing,Yes,1705,4.3,1.1743,Medium,Medium
171112,Aisle,40.65,36.48,No,High,College students,Food,Yes,635,4.17,1.1143,High,Low
164994,End-cap,13.6,8.67,Yes,Low,Families,Food,No,2189,4.93,1.5686,Low,High
197700,Aisle,5.76,3.84,No,Medium,Families,Electronics,No,2716,1.92,1.5,Low,High
166102,Front of Store,48.35,47.1,Yes,Medium,College students,Food,No,1001,1.25,1.0265,High,Medium
125196,Front of Store,33.86,31.9,No,High,Young adults,Clothing,Yes,2479,1.96,1.0614,High,High
190769,Aisle,40.56,38.99,No,High,Families,Clothing,Yes,955,1.57,1.0403,High,Low
192908,Front of Store,45.61,43.04,No,Low,Seniors,Food,Yes,1410,2.57,1.0597,High,Medium
190000,Front of Store,11.29,9.86,Yes,High,Families,Electronics,No,1133,1.43,1.145,Low,Medium
117812,End-cap,13.49,11.04,No,High,Seniors,Electronics,No,2984,2.45,1.2219,Low,High
158258,Aisle,41.44,39.26,No,Low,Families,Electronics,Yes,2622,2.18,1.0555,High,High
136575,Aisle,18.65,15.73,Yes,High,Young adults,Food,Yes,2570,2.92,1.1856,Medium,High
152880,End-cap,25.36,24.79,No,Low,Young adults,Clothing,Yes,617,0.57,1.023,Medium,Low
112839,Front of Store,49.98,49.85,No,High,Young adults,Clothing,No,2255,0.13,1.0026,High,High
190584,Front of Store,37.43,33.22,Yes,Low,College students,Clothing,No,637,4.21,1.1267,High,Low
171598,Aisle,30.93,30.15,Yes,Medium,College students,Electronics,No,1613,0.78,1.0259,High,Medium
169545,Front of Store,20.4,15.7,Yes,Medium,Families,Electronics,No,653,4.7,1.2994,Medium,Low
132704,Aisle,25.47,22.73,Yes,High,Families,Electronics,No,2074,2.74,1.1205,Medium,High
168639,Front of Store,38.68,35.89,Yes,High,College students,Clothing,Yes,2068,2.79,1.0777,High,High
163062,End-cap,37.79,34.04,Yes,High,College students,Food,Yes,2360,3.75,1.1102,High,High
186783,Front of Store,8.52,4.55,No,Low,Young adults,Food,Yes,1667,3.97,1.8725,Low,Medium
130656,End-cap,30.51,27.48,Yes,Medium,Families,Electronics,No,588,3.03,1.1103,High,Low
111930,Front of Store,11.04,9.15,No,High,Seniors,Electronics,No,1380,1.89,1.2066,Low,Medium
115305,End-cap,36.36,31.41,No,High,Seniors,Electronics,Yes,676,4.95,1.1576,High,Low
167689,Front of Store,11.48,10.41,No,High,Young adults,Electronics,Yes,2969,1.07,1.1028,Low,High
110451,Front of Store,10.77,9.98,Yes,Medium,Families,Food,No,578,0.79,1.0792,Low,Low
189534,End-cap,5.73,3.94,Yes,Medium,Young adults,Electronics,No,2886,1.79,1.4543,Low,High
153881,Front of Store,33.16,28.8,Yes,Medium,Families,Clothing,No,1376,4.36,1.1514,High,Medium
134948,Aisle,10.28,7.76,Yes,Medium,Young adults,Food,No,600,2.52,1.3247,Low,Low
152468,Aisle,8.31,5.35,Yes,High,Families,Food,No,1728,2.96,1.5533,Low,Medium
148553,Front of Store,27.54,24.56,Yes,High,Families,Food,No,1585,2.98,1.1213,Medium,Medium
121643,Aisle,5.17,0.72,No,High,College students,Food,Yes,1522,4.45,7.1806,Low,Medium
167351,Aisle,33.05,31.73,No,Low,College students,Electronics,No,961,1.32,1.0416,High,Low
199976,Front of Store,19.66,18.89,No,High,College students,Clothing,No,1641,0.77,1.0408,Medium,Medium
172344,End-cap,15.42,13.77,Yes,Medium,Families,Clothing,Yes,2030,1.65,1.1198,Medium,High
157499,Aisle,19.49,16.81,No,Low,Seniors,Electronics,No,1973,2.68,1.1594,Medium,Medium
173866,Aisle,47.92,44.15,Yes,Medium,Young adults,Food,Yes,2246,3.77,1.0854,High,High
134989,Front of Store,14.85,12.52,Yes,High,Families,Clothing,Yes,2571,2.33,1.1861,Low,High
162691,Front of Store,36.77,35.21,Yes,High,Families,Clothing,No,690,1.56,1.0443,High,Low
187196,End-cap,37.13,35.06,No,Low,College students,Food,Yes,2876,2.07,1.059,High,High
121378,End-cap,9.26,9.07,Yes,Medium,Seniors,Electronics,Yes,2168,0.19,1.0209,Low,High
142482,End-cap,27.59,26.89,No,High,Young adults,Electronics,No,1362,0.7,1.026,Medium,Medium
176723,Aisle,47.41,45.53,No,Low,Families,Electronics,Yes,1524,1.88,1.0413,High,Medium
132654,Front of Store,36.75,36.09,No,Low,Seniors,Food,Yes,1875,0.66,1.0183,High,Medium
169453,Aisle,12.09,10.47,No,Medium,Seniors,Electronics,Yes,2177,1.62,1.1547,Low,High
165328,End-cap,37.37,32.7,Yes,Medium,Families,Food,No,719,4.67,1.1428,High,Low
189998,Aisle,27.39,27.22,Yes,High,Young adults,Electronics,No,2206,0.17,1.0062,Medium,High
171481,Aisle,37.53,35.46,No,High,Families,Clothing,Yes,2212,2.07,1.0584,High,High
166674,End-cap,11.36,6.76,Yes,Low,Seniors,Clothing,Yes,638,4.6,1.6805,Low,Low
110674,End-cap,36.21,33.76,Yes,Low,Seniors,Electronics,No,2726,2.45,1.0726,High,High
110417,End-cap,43.02,42.63,Yes,Low,Young adults,Clothing,Yes,2352,0.39,1.0091,High,High
166698,End-cap,47.18,46.66,No,Low,Young adults,Clothing,No,2528,0.52,1.0111,High,High
179623,Front of Store,5.08,3.34,Yes,Low,College students,Food,Yes,2284,1.74,1.521,Low,High
196326,Aisle,32.98,28.94,Yes,Medium,Seniors,Food,Yes,2015,4.04,1.1396,High,High
175453,End-cap,12.65,9.75,No,Low,Seniors,Electronics,Yes,1603,2.9,1.2974,Low,Medium
153183,End-cap,38.1,34.7,No,Medium,Families,Clothing,No,822,3.4,1.098,High,Low
195160,Front of Store,21.92,18.0,Yes,Low,Young adults,Food,No,1792,3.92,1.2178,Medium,Medium
116201,Aisle,30.31,29.05,No,Low,Young adults,Clothing,No,2761,1.26,1.0434,High,High
188566,Aisle,49.34,46.31,Yes,Medium,Families,Electronics,No,2071,3.03,1.0654,High,High
151362,Front of Store,22.05,19.73,No,Medium,Families,Food,No,1112,2.32,1.1176,Medium,Medium
189612,End-cap,49.94,48.09,Yes,High,Families,Food,Yes,809,1.85,1.0385,High,Low
144433,Front of Store,41.17,37.58,No,Low,Seniors,Electronics,No,1412,3.59,1.0955,High,Medium
157449,Aisle,33.65,32.64,No,Low,College students,Food,No,951,1.01,1.0309,High,Low
165623,End-cap,17.03,15.52,No,High,College students,Electronics,Yes,2379,1.51,1.0973,Medium,High
137925,End-cap,45.44,41.87,No,Medium,Young adults,Electronics,No,2336,3.57,1.0853,High,High
115111,Aisle,16.88,13.12,No,Medium,Families,Clothing,No,1592,3.76,1.2866,Medium,Medium
171502,Front of Store,10.49,8.45,Yes,Medium,Seniors,Food,Yes,635,2.04,1.2414,Low,Low
193698,End-cap,7.95,3.06,No,Medium,Young adults,Food,No,1029,4.89,2.598,Low,Medium
151572,Front of Store,29.0,26.1,Yes,Low,College students,Food,Yes,1602,2.9,1.1111,Medium,Medium
158886,End-cap,33.24,29.24,Yes,Medium,Seniors,Electronics,Yes,664,4.0,1.1368,High,Low
111012,Front of Store,39.23,37.69,No,Medium,College students,Food,No,725,1.54,1.0409,High,Low
143251,Aisle,9.89,8.88,No,Low,Seniors,Electronics,No,2354,1.01,1.1137,Low,High
178611,Aisle,24.97,22.33,Yes,Medium,Seniors,Food,No,992,2.64,1.1182,Medium,Low
114824,Front of Store,43.12,40.43,Yes,High,Families,Clothing,Yes,852,2.69,1.0665,High,Low
168713,End-cap,29.88,26.59,Yes,High,Young adults,Food,Yes,2112,3.29,1.1237,Medium,High
140868,Front of Store,19.11,16.4,No,Low,Families,Food,No,675,2.71,1.1652,Medium,Low
146780,End-cap,49.36,45.93,No,Low,College students,Electronics,No,2080,3.43,1.0747,High,High
172105,Aisle,9.85,8.59,Yes,High,Families,Electronics,No,2299,1.26,1.1467,Low,High
111455,End-cap,27.05,26.24,Yes,High,College students,Electronics,Yes,2229,0.81,1.0309,Medium,High
129927,End-cap,6.75,4.72,No,High,Seniors,Clothing,No,647,2.03,1.4301,Low,Low
139494,Front of Store,32.22,31.89,No,Medium,Families,Food,Yes,1140,0.33,1.0103,High,Medium
112511,End-cap,47.2,44.69,Yes,Medium,Young adults,Clothing,Yes,2587,2.51,1.0562,High,High
146982,End-cap,29.92,29.86,Yes,Medium,Young adults,Clothing,Yes,972,0.06,1.002,Medium,Low
171517,Front of Store,18.7,16.64,Yes,Medium,Young adults,Food,No,1069,2.06,1.1238,Medium,Medium
181233,Front of Store,20.7,19.35,No,High,Seniors,Clothing,No,2632,1.35,1.0698,Medium,High
147559,Aisle,16.97,16.54,No,High,College students,Clothing,No,2628,0.43,1.026,Medium,High
158151,Aisle,36.75,34.84,No,Low,Young adults,Food,No,626,1.91,1.0548,High,Low
199194,Front of Store,8.58,4.65,Yes,High,Seniors,Food,No,2315,3.93,1.8452,Low,High
187447,Front of Store,30.46,26.95,Yes,High,College students,Food,Yes,1253,3.51,1.1302,High,Medium
175725,End-cap,39.97,39.71,Yes,Low,Young adults,Electronics,Yes,1083,0.26,1.0065,High,Medium
131107,Aisle,31.79,26.83,No,Low,Young adults,Clothing,Yes,1089,4.96,1.1849,High,Medium
186541,Aisle,40.59,35.65,Yes,High,Young adults,Clothing,No,2969,4.94,1.1386,High,High
192046,Front of Store,20.24,20.18,Yes,Medium,Families,Food,No,1387,0.06,1.003,Medium,Medium
147306,Aisle,18.5,15.38,No,Low,College students,Clothing,Yes,1828,3.12,1.2029,Medium,Medium
145684,Front of Store,46.36,42.96,Yes,Low,College students,Electronics,No,2267,3.4,1.0791,High,High
118867,End-cap,11.15,8.08,No,Medium,Families,Electronics,Yes,2292,3.07,1.38,Low,High
143823,End-cap,47.99,43.86,Yes,Medium,Young adults,Electronics,Yes,2230,4.13,1.0942,High,High
194433,Aisle,21.67,18.77,No,Low,Young adults,Food,No,2207,2.9,1.1545,Medium,High
180551,End-cap,30.83,30.37,No,Low,College students,Food,No,1999,0.46,1.0151,High,Medium
180029,Aisle,37.72,33.07,No,Low,Families,Clothing,Yes,1301,4.65,1.1406,High,Medium
158671,End-cap,28.37,27.34,Yes,Medium,Seniors,Food,Yes,1262,1.03,1.0377,Medium,Medium
196932,Aisle,49.66,46.66,No,High,Young adults,Food,Yes,2085,3.0,1.0643,High,High
188730,Aisle,22.04,19.16,Yes,Medium,Families,Electronics,Yes,2051,2.88,1.1503,Medium,High
189853,End-cap,14.3,11.08,No,Low,Families,Food,No,2479,3.22,1.2906,Low,High
169236,End-cap,13.52,9.5,Yes,Low,Young adults,Food,No,2234,4.02,1.4232,Low,High
157660,End-cap,17.99,14.93,No,Medium,Young adults,Clothing,Yes,821,3.06,1.205,Medium,Low
119645,End-cap,26.07,24.32,No,High,Young adults,Food,Yes,1634,1.75,1.072,Medium,Medium
142356,Aisle,27.16,23.47,No,Medium,Families,Food,Yes,1207,3.69,1.1572,Medium,Medium
122078,End-cap,7.32,4.86,No,Medium,Young adults,Electronics,Yes,1124,2.46,1.5062,Low,Medium
161248,End-cap,12.8,11.34,No,Low,College students,Clothing,Yes,1167,1.46,1.1287,Low,Medium
171394,Front of Store,16.93,16.87,No,Low,College students,Clothing,No,2683,0.06,1.0036,Medium,High
171225,Aisle,11.0,9.72,No,Medium,Young adults,Electronics,Yes,689,1.28,1.1317,Low,Low
147968,Front of Store,10.27,10.14,No,Low,Families,Clothing,Yes,1995,0.13,1.0128,Low,Medium
135533,End-cap,30.99,27.34,Yes,Low,College students,Clothing,Yes,2915,3.65,1.1335,High,High
175517,Aisle,37.72,37.04,No,High,Families,Clothing,Yes,1732,0.68,1.0184,High,Medium
181234,End-cap,40.78,40.35,Yes,High,College students,Electronics,Yes,2262,0.43,1.0107,High,High
128647,Front of Store,13.33,9.52,No,High,Young adults,Food,No,1187,3.81,1.4002,Low,Medium
178865,End-cap,7.73,5.13,Yes,Medium,Families,Electronics,No,2525,2.6,1.5068,Low,High
131452,Aisle,28.43,27.71,No,Medium,College students,Electronics,Yes,1056,0.72,1.026,Medium,Medium
146158,End-cap,41.9,40.31,Yes,Medium,Families,Food,Yes,2737,1.59,1.0394,High,High
144475,Aisle,23.7,19.85,No,Medium,Young adults,Clothing,Yes,957,3.85,1.194,Medium,Low
120176,Front of Store,45.03,44.13,No,Medium,Seniors,Clothing,No,2560,0.9,1.0204,High,High
156007,Aisle,31.89,27.8,Yes,Low,College students,Clothing,No,648,4.09,1.1471,High,Low
138628,Aisle,37.83,33.08,No,Low,Families,Food,Yes,645,4.75,1.1436,High,Low
178302,Aisle,26.98,25.17,Yes,Medium,Young adults,Clothing,Yes,1725,1.81,1.0719,Medium,Medium
144073,Front of Store,24.73,21.68,No,Medium,Young adults,Clothing,Yes,2293,3.05,1.1407,Medium,High
186997,Aisle,28.66,27.62,Yes,Low,College students,Clothing,Yes,2064,1.04,1.0377,Medium,High
173396,End-cap,35.55,34.13,No,Low,Families,Clothing,Yes,1356,1.42,1.0416,High,Medium
115038,End-cap,18.36,16.02,No,Low,College students,Clothing,Yes,611,2.34,1.1461,Medium,Low
151967,Front of Store,31.14,30.98,Yes,Medium,Young adults,Clothing,Yes,2680,0.16,1.0052,High,High
170937,Front of Store,16.58,15.92,No,Low,Young adults,Food,No,507,0.66,1.0415,Medium,Low
176947,End-cap,48.73,48.41,Yes,High,Young adults,Electronics,No,1562,0.32,1.0066,High,Medium
181067,End-cap,29.39,26.88,No,Medium,Seniors,Food,No,1418,2.51,1.0934,Medium,Medium
192831,Aisle,26.63,24.16,Yes,Low,Young adults,Clothing,Yes,762,2.47,1.1022,Medium,Low
119838,Aisle,25.61,21.23,Yes,Medium,College students,Electronics,No,2534,4.38,1.2063,Medium,High
151923,Aisle,48.91,43.95,Yes,Medium,Families,Food,Yes,1701,4.96,1.1129,High,Medium
186652,End-cap,23.64,18.82,Yes,Medium,College students,Clothing,Yes,747,4.82,1.2561,Medium,Low
169576,Aisle,45.3,43.21,Yes,Medium,Seniors,Clothing,Yes,1463,2.09,1.0484,High,Medium
180911,End-cap,22.95,20.73,No,Low,Families,Electronics,Yes,1015,2.22,1.1071,Medium,Medium
133294,Front of Store,41.51,41.39,Yes,Medium,Young adults,Food,No,2696,0.12,1.0029,High,High
135689,End-cap,43.26,39.55,Yes,Medium,Families,Electronics,Yes,1063,3.71,1.0938,High,Medium
190951,Aisle,44.53,40.86,No,High,Seniors,Electronics,No,2472,3.67,1.0898,High,High
163002,Front of Store,6.35,3.89,Yes,High,Young adults,Clothing,No,1270,2.46,1.6324,Low,Medium
190010,Aisle,28.45,24.96,Yes,Medium,College students,Clothing,No,2312,3.49,1.1398,Medium,High
177516,Aisle,9.19,4.71,No,Low,Families,Food,Yes,2082,4.48,1.9512,Low,High
113847,Front of Store,31.3,27.14,No,High,Families,Food,No,712,4.16,1.1533,High,Low
114370,Aisle,49.5,45.77,Yes,Medium,College students,Clothing,No,1017,3.73,1.0815,High,Medium
154002,Aisle,28.11,27.36,Yes,High,Families,Food,No,887,0.75,1.0274,Medium,Low
125057,End-cap,30.59,30.0,Yes,Medium,College students,Food,Yes,660,0.59,1.0197,High,Low
159070,End-cap,19.25,18.54,No,High,College students,Electronics,Yes,1280,0.71,1.0383,Medium,Medium
167705,Front of Store,15.21,13.53,Yes,Medium,Families,Electronics,Yes,2196,1.68,1.1242,Medium,High
177177,Aisle,24.9,24.44,Yes,High,College students,Electronics,Yes,1432,0.46,1.0188,Medium,Medium
192619,Aisle,26.75,22.76,Yes,High,College students,Food,No,2279,3.99,1.1753,Medium,High
121605,Front of Store,13.58,11.21,No,Low,Young adults,Electronics,No,1145,2.37,1.2114,Low,Medium
149245,End-cap,10.6,7.52,No,High,College students,Electronics,No,771,3.08,1.4096,Low,Low
194369,Aisle,9.81,9.53,No,High,College students,Food,Yes,2548,0.28,1.0294,Low,High
135894,End-cap,36.9,33.72,Yes,Low,Families,Electronics,Yes,1640,3.18,1.0943,High,Medium
127177,End-cap,35.44,30.67,Yes,Medium,Families,Electronics,No,565,4.77,1.1555,High,Low
144780,Front of Store,7.65,4.84,Yes,High,Families,Electronics,No,1272,2.81,1.5806,Low,Medium
189870,End-cap,49.31,44.8,Yes,Low,Young adults,Electronics,Yes,582,4.51,1.1007,High,Low
179236,End-cap,33.41,28.67,Yes,Medium,Families,Clothing,Yes,1270,4.74,1.1653,High,Medium
134887,End-cap,47.79,46.97,No,Low,Seniors,Electronics,Yes,2118,0.82,1.0175,High,High
190184,End-cap,44.54,42.2,No,Low,College students,Clothing,Yes,2820,2.34,1.0555,High,High
115318,Front of Store,21.79,17.46,No,High,College students,Food,Yes,2363,4.33,1.248,Medium,High
161907,Front of Store,34.69,31.14,No,Medium,Young adults,Clothing,Yes,1099,3.55,1.114,High,Medium
155997,End-cap,46.84,43.8,Yes,Low,College students,Food,No,2534,3.04,1.0694,High,High
166744,Aisle,13.34,8.91,No,Medium,Families,Clothing,Yes,2309,4.43,1.4972,Low,High
129858,Front of Store,47.74,45.16,Yes,High,College students,Electronics,Yes,2018,2.58,1.0571,High,High
158908,Front of Store,42.5,41.13,Yes,High,Seniors,Food,Yes,2100,1.37,1.0333,High,High
192048,End-cap,20.39,18.04,No,High,Young adults,Electronics,No,2512,2.35,1.1303,Medium,High
136294,End-cap,38.87,37.28,No,Low,College students,Food,Yes,1706,1.59,1.0427,High,Medium
193043,Front of Store,49.14,45.02,No,Low,Families,Clothing,No,2743,4.12,1.0915,High,High
192787,End-cap,19.84,19.13,Yes,Medium,Seniors,Food,No,2569,0.71,1.0371,Medium,High
119150,End-cap,21.81,17.49,No,High,College students,Food,No,1556,4.32,1.247,Medium,Medium
115266,Front of Store,27.9,25.48,No,Low,Families,Electronics,No,1549,2.42,1.095,Medium,Medium
121186,Front of Store,6.77,5.62,No,Medium,Young adults,Electronics,No,989,1.15,1.2046,Low,Low
144385,Aisle,39.44,38.08,No,High,Families,Food,No,834,1.36,1.0357,High,Low
161594,End-cap,49.52,45.71,Yes,Low,College students,Food,Yes,2108,3.81,1.0834,High,High
114320,Aisle,6.11,1.77,Yes,Low,College students,Clothing,No,558,4.34,3.452,Low,Low
167648,Aisle,39.47,39.39,No,High,Young adults,Electronics,No,2990,0.08,1.002,High,High
198500,Front of Store,29.39,26.11,Yes,Medium,College students,Clothing,Yes,1581,3.28,1.1256,Medium,Medium
120916,Front of Store,8.01,5.23,No,Low,Families,Electronics,No,1139,2.78,1.5315,Low,Medium
180422,Aisle,22.74,19.43,Yes,Medium,Seniors,Clothing,No,1408,3.31,1.1704,Medium,Medium
136977,End-cap,20.56,17.87,Yes,Low,College students,Clothing,Yes,685,2.69,1.1505,Medium,Low
145902,Aisle,11.9,9.17,Yes,High,Young adults,Electronics,Yes,2314,2.73,1.2977,Low,High
135734,Aisle,20.45,19.41,Yes,High,Seniors,Clothing,No,2805,1.04,1.0536,Medium,High
153230,End-cap,29.28,26.59,No,Low,Seniors,Food,Yes,565,2.69,1.1012,Medium,Low
153722,Aisle,47.67,43.0,No,Medium,Seniors,Food,Yes,1058,4.67,1.1086,High,Medium
147361,End-cap,32.84,32.42,No,Low,Seniors,Food,Yes,563,0.42,1.013,High,Low
158227,Aisle,11.54,9.37,No,High,Families,Clothing,No,2721,2.17,1.2316,Low,High
197123,Front of Store,37.09,33.18,Yes,High,College students,Electronics,No,2625,3.91,1.1178,High,High
140321,End-cap,39.47,36.13,No,High,Seniors,Food,Yes,687,3.34,1.0924,High,Low
177510,Front of Store,37.07,36.38,Yes,High,Young adults,Food,No,1768,0.69,1.019,High,Medium
135786,Aisle,27.36,25.74,Yes,Medium,Seniors,Electronics,Yes,2987,1.62,1.0629,Medium,High
184980,End-cap,47.39,44.9,Yes,Medium,Seniors,Electronics,No,2788,2.49,1.0555,High,High
152671,Aisle,47.12,46.0,Yes,High,Families,Food,No,1380,1.12,1.0243,High,Medium
155722,End-cap,29.53,26.18,Yes,High,Families,Clothing,Yes,1484,3.35,1.128,Medium,Medium
171570,End-cap,15.7,11.02,Yes,High,Seniors,Clothing,Yes,1353,4.68,1.4247,Medium,Medium
181417,Aisle,40.19,38.73,Yes,Medium,Young adults,Clothing,No,2728,1.46,1.0377,High,High
157514,Front of Store,17.49,13.3,No,Medium,College students,Electronics,Yes,937,4.19,1.315,Medium,Low
170515,Front of Store,38.45,38.05,No,Low,Families,Electronics,Yes,533,0.4,1.0105,High,Low
179736,Aisle,17.03,13.4,No,High,Young adults,Electronics,No,1452,3.63,1.2709,Medium,Medium
137969,End-cap,38.82,34.28,No,High,Families,Electronics,Yes,1987,4.54,1.1324,High,Medium
146503,Front of Store,27.63,26.37,Yes,High,Young adults,Electronics,No,2410,1.26,1.0478,Medium,High
115333,Front of Store,16.49,13.55,No,High,Seniors,Food,No,962,2.94,1.217,Medium,Low
162808,End-cap,36.43,33.6,Yes,Low,Young adults,Electronics,No,775,2.83,1.0842,High,Low
114390,Front of Store,33.0,29.31,No,Low,Young adults,Clothing,No,2674,3.69,1.1259,High,High
154882,Aisle,20.81,18.58,No,Low,College students,Food,Yes,889,2.23,1.12,Medium,Low
148460,Aisle,20.89,17.37,No,Medium,College students,Food,Yes,1433,3.52,1.2026,Medium,Medium
188481,Front of Store,29.43,28.15,Yes,High,Young adults,Electronics,No,1879,1.28,1.0455,Medium,Medium
197435,Aisle,11.51,6.97,No,Medium,Young adults,Clothing,No,2270,4.54,1.6514,Low,High
157169,End-cap,22.77,22.64,No,Low,Young adults,Clothing,Yes,841,0.13,1.0057,Medium,Low
184945,Front of Store,47.52,43.76,Yes,Low,Families,Food,No,1220,3.76,1.0859,High,Medium
140927,Aisle,46.55,44.71,No,Low,Young adults,Food,Yes,1745,1.84,1.0412,High,Medium
174621,Aisle,26.66,26.54,No,Medium,Families,Clothing,Yes,680,0.12,1.0045,Medium,Low
137475,Front of Store,9.68,4.75,No,Low,College students,Food,Yes,2258,4.93,2.0379,Low,High
184176,Aisle,8.74,5.79,Yes,Medium,Families,Electronics,Yes,2278,2.95,1.5095,Low,High
149169,End-cap,37.42,36.79,Yes,Medium,College students,Electronics,No,2283,0.63,1.0171,High,High
138995,Front of Store,43.32,42.81,No,High,Young adults,Electronics,No,541,0.51,1.0119,High,Low
110220,Front of Store,48.11,44.43,Yes,Low,Seniors,Electronics,Yes,660,3.68,1.0828,High,Low
133770,Front of Store,19.87,18.07,Yes,High,College students,Electronics,Yes,1978,1.8,1.0996,Medium,Medium
165819,Front of Store,7.09,2.82,Yes,Medium,Families,Electronics,No,1801,4.27,2.5142,Low,Medium
191957,Front of Store,24.07,19.86,Yes,Medium,College students,Food,Yes,1199,4.21,1.212,Medium,Medium
178701,End-cap,20.04,15.24,No,Low,Young adults,Clothing,Yes,2921,4.8,1.315,Medium,High
181111,Front of Store,46.12,43.68,No,High,Families,Food,No,633,2.44,1.0559,High,Low
183252,Aisle,23.24,19.35,Yes,Medium,Young adults,Clothing,No,792,3.89,1.201,Medium,Low
182755,End-cap,9.14,8.68,No,High,Young adults,Food,No,1380,0.46,1.053,Low,Medium
143247,Aisle,35.4,33.28,No,Medium,Families,Clothing,Yes,2845,2.12,1.0637,High,High
118346,Front of Store,49.68,46.58,No,High,Seniors,Clothing,Yes,2656,3.1,1.0666,High,High
182563,Aisle,13.1,13.0,No,Low,Families,Clothing,Yes,2211,0.1,1.0077,Low,High
120300,End-cap,16.18,15.84,Yes,Low,Young adults,Food,Yes,2698,0.34,1.0215,Medium,High
184596,Aisle,41.83,37.17,Yes,Low,Young adults,Clothing,No,2745,4.66,1.1254,High,High
165690,End-cap,20.4,18.71,No,Low,College students,Food,Yes,2069,1.69,1.0903,Medium,High
148366,End-cap,19.63,17.77,No,Medium,Seniors,Food,No,935,1.86,1.1047,Medium,Low
154931,Aisle,31.27,28.47,Yes,Medium,Families,Clothing,Yes,1514,2.8,1.0983,High,Medium
129915,Front of Store,14.36,12.58,No,High,Seniors,Electronics,Yes,2302,1.78,1.1415,Low,High
129854,End-cap,13.36,12.36,No,Low,Families,Clothing,Yes,1864,1.0,1.0809,Low,Medium
196418,Aisle,39.11,35.48,Yes,Medium,Seniors,Food,Yes,1456,3.63,1.1023,High,Medium
147140,Aisle,12.72,11.72,No,Low,Seniors,Food,Yes,2224,1.0,1.0853,Low,High
176622,End-cap,14.7,14.24,No,Low,Young adults,Electronics,No,2168,0.46,1.0323,Low,High
180566,Aisle,33.32,32.9,Yes,High,College students,Clothing,Yes,1897,0.42,1.0128,High,Medium
124273,End-cap,44.99,44.48,Yes,High,Young adults,Food,Yes,2343,0.51,1.0115,High,High
159902,Aisle,34.75,31.6,No,Medium,Seniors,Electronics,No,1889,3.15,1.0997,High,Medium
163182,Aisle,43.05,41.66,No,Low,Seniors,Electronics,No,1390,1.39,1.0334,High,Medium
121303,Front of Store,24.35,23.42,Yes,High,Young adults,Clothing,Yes,1130,0.93,1.0397,Medium,Medium
162658,End-cap,11.56,8.61,No,Medium,Families,Electronics,Yes,1133,2.95,1.3426,Low,Medium
146858,Front of Store,47.72,46.78,No,Medium,College students,Food,Yes,565,0.94,1.0201,High,Low
174565,Aisle,21.3,18.71,Yes,High,Seniors,Electronics,No,890,2.59,1.1384,Medium,Low
160629,Aisle,22.82,19.13,No,Medium,Seniors,Electronics,Yes,2538,3.69,1.1929,Medium,High
150654,End-cap,6.38,5.25,Yes,Medium,Young adults,Electronics,No,2884,1.13,1.2152,Low,High
